[2026-02-09T16:27:22.743478 41810] Acquiring /Users/hassoncs/.ccache/0/stats.lock
[2026-02-09T16:27:22.744440 41810] Acquired /Users/hassoncs/.ccache/0/stats.lock
[2026-02-09T16:27:22.744464 41810] Creating /Users/hassoncs/.ccache/0/stats.alive
[2026-02-09T16:27:22.745053 41810] Releasing /Users/hassoncs/.ccache/0/stats.lock
[2026-02-09T16:27:22.745220 41810] Released /Users/hassoncs/.ccache/0/stats.lock
[2026-02-09T16:27:22.745246 41810] Acquiring /Users/hassoncs/.ccache/0/0/stats.lock
[2026-02-09T16:27:22.745385 41810] Acquired /Users/hassoncs/.ccache/0/0/stats.lock
[2026-02-09T16:27:22.745397 41810] Creating /Users/hassoncs/.ccache/0/0/stats.alive
[2026-02-09T16:27:22.746180 41810] Releasing /Users/hassoncs/.ccache/0/0/stats.lock
[2026-02-09T16:27:22.746356 41810] Released /Users/hassoncs/.ccache/0/0/stats.lock
[2026-02-09T16:27:22.746383 41810] Acquiring /Users/hassoncs/.ccache/0/1/stats.lock
[2026-02-09T16:27:22.746520 41810] Acquired /Users/hassoncs/.ccache/0/1/stats.lock
[2026-02-09T16:27:22.746541 41810] Creating /Users/hassoncs/.ccache/0/1/stats.alive
[2026-02-09T16:27:22.749255 41810] Releasing /Users/hassoncs/.ccache/0/1/stats.lock
[2026-02-09T16:27:22.749459 41810] Released /Users/hassoncs/.ccache/0/1/stats.lock
[2026-02-09T16:27:22.749480 41810] Acquiring /Users/hassoncs/.ccache/0/2/stats.lock
[2026-02-09T16:27:22.749596 41810] Acquired /Users/hassoncs/.ccache/0/2/stats.lock
[2026-02-09T16:27:22.749606 41810] Creating /Users/hassoncs/.ccache/0/2/stats.alive
[2026-02-09T16:27:22.749976 41810] Releasing /Users/hassoncs/.ccache/0/2/stats.lock
[2026-02-09T16:27:22.750044 41810] Released /Users/hassoncs/.ccache/0/2/stats.lock
[2026-02-09T16:27:22.750061 41810] Acquiring /Users/hassoncs/.ccache/0/3/stats.lock
[2026-02-09T16:27:22.750125 41810] Acquired /Users/hassoncs/.ccache/0/3/stats.lock
[2026-02-09T16:27:22.750132 41810] Creating /Users/hassoncs/.ccache/0/3/stats.alive
[2026-02-09T16:27:22.750460 41810] Releasing /Users/hassoncs/.ccache/0/3/stats.lock
[2026-02-09T16:27:22.750522 41810] Released /Users/hassoncs/.ccache/0/3/stats.lock
[2026-02-09T16:27:22.750530 41810] Acquiring /Users/hassoncs/.ccache/0/4/stats.lock
[2026-02-09T16:27:22.750591 41810] Acquired /Users/hassoncs/.ccache/0/4/stats.lock
[2026-02-09T16:27:22.750598 41810] Creating /Users/hassoncs/.ccache/0/4/stats.alive
[2026-02-09T16:27:22.750879 41810] Releasing /Users/hassoncs/.ccache/0/4/stats.lock
[2026-02-09T16:27:22.750940 41810] Released /Users/hassoncs/.ccache/0/4/stats.lock
[2026-02-09T16:27:22.750949 41810] Acquiring /Users/hassoncs/.ccache/0/5/stats.lock
[2026-02-09T16:27:22.751016 41810] Acquired /Users/hassoncs/.ccache/0/5/stats.lock
[2026-02-09T16:27:22.751024 41810] Creating /Users/hassoncs/.ccache/0/5/stats.alive
[2026-02-09T16:27:22.751372 41810] Releasing /Users/hassoncs/.ccache/0/5/stats.lock
[2026-02-09T16:27:22.751476 41810] Released /Users/hassoncs/.ccache/0/5/stats.lock
[2026-02-09T16:27:22.751486 41810] Acquiring /Users/hassoncs/.ccache/0/6/stats.lock
[2026-02-09T16:27:22.751561 41810] Acquired /Users/hassoncs/.ccache/0/6/stats.lock
[2026-02-09T16:27:22.751571 41810] Creating /Users/hassoncs/.ccache/0/6/stats.alive
[2026-02-09T16:27:22.752090 41810] Releasing /Users/hassoncs/.ccache/0/6/stats.lock
[2026-02-09T16:27:22.752386 41810] Released /Users/hassoncs/.ccache/0/6/stats.lock
[2026-02-09T16:27:22.752411 41810] Acquiring /Users/hassoncs/.ccache/0/7/stats.lock
[2026-02-09T16:27:22.752503 41810] Acquired /Users/hassoncs/.ccache/0/7/stats.lock
[2026-02-09T16:27:22.752514 41810] Creating /Users/hassoncs/.ccache/0/7/stats.alive
[2026-02-09T16:27:22.752959 41810] Releasing /Users/hassoncs/.ccache/0/7/stats.lock
[2026-02-09T16:27:22.753067 41810] Released /Users/hassoncs/.ccache/0/7/stats.lock
[2026-02-09T16:27:22.753078 41810] Acquiring /Users/hassoncs/.ccache/0/8/stats.lock
[2026-02-09T16:27:22.753146 41810] Acquired /Users/hassoncs/.ccache/0/8/stats.lock
[2026-02-09T16:27:22.753154 41810] Creating /Users/hassoncs/.ccache/0/8/stats.alive
[2026-02-09T16:27:22.753541 41810] Releasing /Users/hassoncs/.ccache/0/8/stats.lock
[2026-02-09T16:27:22.753824 41810] Released /Users/hassoncs/.ccache/0/8/stats.lock
[2026-02-09T16:27:22.753852 41810] Acquiring /Users/hassoncs/.ccache/0/9/stats.lock
[2026-02-09T16:27:22.753944 41810] Acquired /Users/hassoncs/.ccache/0/9/stats.lock
[2026-02-09T16:27:22.753954 41810] Creating /Users/hassoncs/.ccache/0/9/stats.alive
[2026-02-09T16:27:22.754349 41810] Releasing /Users/hassoncs/.ccache/0/9/stats.lock
[2026-02-09T16:27:22.754474 41810] Released /Users/hassoncs/.ccache/0/9/stats.lock
[2026-02-09T16:27:22.754487 41810] Acquiring /Users/hassoncs/.ccache/0/a/stats.lock
[2026-02-09T16:27:22.754562 41810] Acquired /Users/hassoncs/.ccache/0/a/stats.lock
[2026-02-09T16:27:22.754570 41810] Creating /Users/hassoncs/.ccache/0/a/stats.alive
[2026-02-09T16:27:22.755062 41810] Releasing /Users/hassoncs/.ccache/0/a/stats.lock
[2026-02-09T16:27:22.755143 41810] Released /Users/hassoncs/.ccache/0/a/stats.lock
[2026-02-09T16:27:22.755152 41810] Acquiring /Users/hassoncs/.ccache/0/b/stats.lock
[2026-02-09T16:27:22.755212 41810] Acquired /Users/hassoncs/.ccache/0/b/stats.lock
[2026-02-09T16:27:22.755219 41810] Creating /Users/hassoncs/.ccache/0/b/stats.alive
[2026-02-09T16:27:22.755686 41810] Releasing /Users/hassoncs/.ccache/0/b/stats.lock
[2026-02-09T16:27:22.755759 41810] Released /Users/hassoncs/.ccache/0/b/stats.lock
[2026-02-09T16:27:22.755767 41810] Acquiring /Users/hassoncs/.ccache/0/c/stats.lock
[2026-02-09T16:27:22.755836 41810] Acquired /Users/hassoncs/.ccache/0/c/stats.lock
[2026-02-09T16:27:22.755843 41810] Creating /Users/hassoncs/.ccache/0/c/stats.alive
[2026-02-09T16:27:22.756277 41810] Releasing /Users/hassoncs/.ccache/0/c/stats.lock
[2026-02-09T16:27:22.756353 41810] Released /Users/hassoncs/.ccache/0/c/stats.lock
[2026-02-09T16:27:22.756360 41810] Acquiring /Users/hassoncs/.ccache/0/d/stats.lock
[2026-02-09T16:27:22.756439 41810] Acquired /Users/hassoncs/.ccache/0/d/stats.lock
[2026-02-09T16:27:22.756446 41810] Creating /Users/hassoncs/.ccache/0/d/stats.alive
[2026-02-09T16:27:22.756931 41810] Releasing /Users/hassoncs/.ccache/0/d/stats.lock
[2026-02-09T16:27:22.757037 41810] Released /Users/hassoncs/.ccache/0/d/stats.lock
[2026-02-09T16:27:22.757048 41810] Acquiring /Users/hassoncs/.ccache/0/e/stats.lock
[2026-02-09T16:27:22.757152 41810] Acquired /Users/hassoncs/.ccache/0/e/stats.lock
[2026-02-09T16:27:22.757162 41810] Creating /Users/hassoncs/.ccache/0/e/stats.alive
[2026-02-09T16:27:22.757693 41810] Releasing /Users/hassoncs/.ccache/0/e/stats.lock
[2026-02-09T16:27:22.757773 41810] Released /Users/hassoncs/.ccache/0/e/stats.lock
[2026-02-09T16:27:22.757782 41810] Acquiring /Users/hassoncs/.ccache/0/f/stats.lock
[2026-02-09T16:27:22.757853 41810] Acquired /Users/hassoncs/.ccache/0/f/stats.lock
[2026-02-09T16:27:22.757860 41810] Creating /Users/hassoncs/.ccache/0/f/stats.alive
[2026-02-09T16:27:22.758221 41810] Releasing /Users/hassoncs/.ccache/0/f/stats.lock
[2026-02-09T16:27:22.758317 41810] Released /Users/hassoncs/.ccache/0/f/stats.lock
[2026-02-09T16:27:22.758326 41810] Acquiring /Users/hassoncs/.ccache/1/stats.lock
[2026-02-09T16:27:22.758427 41810] Acquired /Users/hassoncs/.ccache/1/stats.lock
[2026-02-09T16:27:22.758435 41810] Creating /Users/hassoncs/.ccache/1/stats.alive
[2026-02-09T16:27:22.758769 41810] Releasing /Users/hassoncs/.ccache/1/stats.lock
[2026-02-09T16:27:22.758849 41810] Released /Users/hassoncs/.ccache/1/stats.lock
[2026-02-09T16:27:22.758857 41810] Acquiring /Users/hassoncs/.ccache/1/0/stats.lock
[2026-02-09T16:27:22.758930 41810] Acquired /Users/hassoncs/.ccache/1/0/stats.lock
[2026-02-09T16:27:22.758937 41810] Creating /Users/hassoncs/.ccache/1/0/stats.alive
[2026-02-09T16:27:22.759391 41810] Releasing /Users/hassoncs/.ccache/1/0/stats.lock
[2026-02-09T16:27:22.759722 41810] Released /Users/hassoncs/.ccache/1/0/stats.lock
[2026-02-09T16:27:22.759740 41810] Acquiring /Users/hassoncs/.ccache/1/1/stats.lock
[2026-02-09T16:27:22.759836 41810] Acquired /Users/hassoncs/.ccache/1/1/stats.lock
[2026-02-09T16:27:22.759845 41810] Creating /Users/hassoncs/.ccache/1/1/stats.alive
[2026-02-09T16:27:22.760356 41810] Releasing /Users/hassoncs/.ccache/1/1/stats.lock
[2026-02-09T16:27:22.760498 41810] Released /Users/hassoncs/.ccache/1/1/stats.lock
[2026-02-09T16:27:22.760520 41810] Acquiring /Users/hassoncs/.ccache/1/2/stats.lock
[2026-02-09T16:27:22.760607 41810] Acquired /Users/hassoncs/.ccache/1/2/stats.lock
[2026-02-09T16:27:22.760616 41810] Creating /Users/hassoncs/.ccache/1/2/stats.alive
[2026-02-09T16:27:22.761030 41810] Releasing /Users/hassoncs/.ccache/1/2/stats.lock
[2026-02-09T16:27:22.761179 41810] Released /Users/hassoncs/.ccache/1/2/stats.lock
[2026-02-09T16:27:22.761192 41810] Acquiring /Users/hassoncs/.ccache/1/3/stats.lock
[2026-02-09T16:27:22.761283 41810] Acquired /Users/hassoncs/.ccache/1/3/stats.lock
[2026-02-09T16:27:22.761292 41810] Creating /Users/hassoncs/.ccache/1/3/stats.alive
[2026-02-09T16:27:22.762713 41810] Releasing /Users/hassoncs/.ccache/1/3/stats.lock
[2026-02-09T16:27:22.762800 41810] Released /Users/hassoncs/.ccache/1/3/stats.lock
[2026-02-09T16:27:22.762809 41810] Acquiring /Users/hassoncs/.ccache/1/4/stats.lock
[2026-02-09T16:27:22.762903 41810] Acquired /Users/hassoncs/.ccache/1/4/stats.lock
[2026-02-09T16:27:22.762910 41810] Creating /Users/hassoncs/.ccache/1/4/stats.alive
[2026-02-09T16:27:22.763340 41810] Releasing /Users/hassoncs/.ccache/1/4/stats.lock
[2026-02-09T16:27:22.763436 41810] Released /Users/hassoncs/.ccache/1/4/stats.lock
[2026-02-09T16:27:22.763447 41810] Acquiring /Users/hassoncs/.ccache/1/5/stats.lock
[2026-02-09T16:27:22.763529 41810] Acquired /Users/hassoncs/.ccache/1/5/stats.lock
[2026-02-09T16:27:22.763537 41810] Creating /Users/hassoncs/.ccache/1/5/stats.alive
[2026-02-09T16:27:22.764007 41810] Releasing /Users/hassoncs/.ccache/1/5/stats.lock
[2026-02-09T16:27:22.764114 41810] Released /Users/hassoncs/.ccache/1/5/stats.lock
[2026-02-09T16:27:22.764123 41810] Acquiring /Users/hassoncs/.ccache/1/6/stats.lock
[2026-02-09T16:27:22.764192 41810] Acquired /Users/hassoncs/.ccache/1/6/stats.lock
[2026-02-09T16:27:22.764199 41810] Creating /Users/hassoncs/.ccache/1/6/stats.alive
[2026-02-09T16:27:22.764548 41810] Releasing /Users/hassoncs/.ccache/1/6/stats.lock
[2026-02-09T16:27:22.764619 41810] Released /Users/hassoncs/.ccache/1/6/stats.lock
[2026-02-09T16:27:22.764626 41810] Acquiring /Users/hassoncs/.ccache/1/7/stats.lock
[2026-02-09T16:27:22.764690 41810] Acquired /Users/hassoncs/.ccache/1/7/stats.lock
[2026-02-09T16:27:22.764697 41810] Creating /Users/hassoncs/.ccache/1/7/stats.alive
[2026-02-09T16:27:22.766341 41810] Releasing /Users/hassoncs/.ccache/1/7/stats.lock
[2026-02-09T16:27:22.766469 41810] Released /Users/hassoncs/.ccache/1/7/stats.lock
[2026-02-09T16:27:22.766479 41810] Acquiring /Users/hassoncs/.ccache/1/8/stats.lock
[2026-02-09T16:27:22.766564 41810] Acquired /Users/hassoncs/.ccache/1/8/stats.lock
[2026-02-09T16:27:22.766572 41810] Creating /Users/hassoncs/.ccache/1/8/stats.alive
[2026-02-09T16:27:22.766891 41810] Releasing /Users/hassoncs/.ccache/1/8/stats.lock
[2026-02-09T16:27:22.766970 41810] Released /Users/hassoncs/.ccache/1/8/stats.lock
[2026-02-09T16:27:22.766977 41810] Acquiring /Users/hassoncs/.ccache/1/9/stats.lock
[2026-02-09T16:27:22.767035 41810] Acquired /Users/hassoncs/.ccache/1/9/stats.lock
[2026-02-09T16:27:22.767041 41810] Creating /Users/hassoncs/.ccache/1/9/stats.alive
[2026-02-09T16:27:22.767467 41810] Releasing /Users/hassoncs/.ccache/1/9/stats.lock
[2026-02-09T16:27:22.767588 41810] Released /Users/hassoncs/.ccache/1/9/stats.lock
[2026-02-09T16:27:22.767599 41810] Acquiring /Users/hassoncs/.ccache/1/a/stats.lock
[2026-02-09T16:27:22.767691 41810] Acquired /Users/hassoncs/.ccache/1/a/stats.lock
[2026-02-09T16:27:22.767698 41810] Creating /Users/hassoncs/.ccache/1/a/stats.alive
[2026-02-09T16:27:22.768247 41810] Releasing /Users/hassoncs/.ccache/1/a/stats.lock
[2026-02-09T16:27:22.768362 41810] Released /Users/hassoncs/.ccache/1/a/stats.lock
[2026-02-09T16:27:22.768370 41810] Acquiring /Users/hassoncs/.ccache/1/b/stats.lock
[2026-02-09T16:27:22.768459 41810] Acquired /Users/hassoncs/.ccache/1/b/stats.lock
[2026-02-09T16:27:22.768468 41810] Creating /Users/hassoncs/.ccache/1/b/stats.alive
[2026-02-09T16:27:22.768964 41810] Releasing /Users/hassoncs/.ccache/1/b/stats.lock
[2026-02-09T16:27:22.769086 41810] Released /Users/hassoncs/.ccache/1/b/stats.lock
[2026-02-09T16:27:22.769094 41810] Acquiring /Users/hassoncs/.ccache/1/c/stats.lock
[2026-02-09T16:27:22.769176 41810] Acquired /Users/hassoncs/.ccache/1/c/stats.lock
[2026-02-09T16:27:22.769183 41810] Creating /Users/hassoncs/.ccache/1/c/stats.alive
[2026-02-09T16:27:22.769777 41810] Releasing /Users/hassoncs/.ccache/1/c/stats.lock
[2026-02-09T16:27:22.769861 41810] Released /Users/hassoncs/.ccache/1/c/stats.lock
[2026-02-09T16:27:22.769869 41810] Acquiring /Users/hassoncs/.ccache/1/d/stats.lock
[2026-02-09T16:27:22.769956 41810] Acquired /Users/hassoncs/.ccache/1/d/stats.lock
[2026-02-09T16:27:22.769971 41810] Creating /Users/hassoncs/.ccache/1/d/stats.alive
[2026-02-09T16:27:22.770361 41810] Releasing /Users/hassoncs/.ccache/1/d/stats.lock
[2026-02-09T16:27:22.770450 41810] Released /Users/hassoncs/.ccache/1/d/stats.lock
[2026-02-09T16:27:22.770457 41810] Acquiring /Users/hassoncs/.ccache/1/e/stats.lock
[2026-02-09T16:27:22.770542 41810] Acquired /Users/hassoncs/.ccache/1/e/stats.lock
[2026-02-09T16:27:22.770551 41810] Creating /Users/hassoncs/.ccache/1/e/stats.alive
[2026-02-09T16:27:22.771267 41810] Releasing /Users/hassoncs/.ccache/1/e/stats.lock
[2026-02-09T16:27:22.771401 41810] Released /Users/hassoncs/.ccache/1/e/stats.lock
[2026-02-09T16:27:22.771412 41810] Acquiring /Users/hassoncs/.ccache/1/f/stats.lock
[2026-02-09T16:27:22.771469 41810] Acquired /Users/hassoncs/.ccache/1/f/stats.lock
[2026-02-09T16:27:22.771475 41810] Creating /Users/hassoncs/.ccache/1/f/stats.alive
[2026-02-09T16:27:22.771814 41810] Releasing /Users/hassoncs/.ccache/1/f/stats.lock
[2026-02-09T16:27:22.771918 41810] Released /Users/hassoncs/.ccache/1/f/stats.lock
[2026-02-09T16:27:22.771928 41810] Acquiring /Users/hassoncs/.ccache/2/stats.lock
[2026-02-09T16:27:22.771985 41810] Acquired /Users/hassoncs/.ccache/2/stats.lock
[2026-02-09T16:27:22.771991 41810] Creating /Users/hassoncs/.ccache/2/stats.alive
[2026-02-09T16:27:22.772247 41810] Releasing /Users/hassoncs/.ccache/2/stats.lock
[2026-02-09T16:27:22.772352 41810] Released /Users/hassoncs/.ccache/2/stats.lock
[2026-02-09T16:27:22.772362 41810] Acquiring /Users/hassoncs/.ccache/2/0/stats.lock
[2026-02-09T16:27:22.772595 41810] Acquired /Users/hassoncs/.ccache/2/0/stats.lock
[2026-02-09T16:27:22.772602 41810] Creating /Users/hassoncs/.ccache/2/0/stats.alive
[2026-02-09T16:27:22.773087 41810] Releasing /Users/hassoncs/.ccache/2/0/stats.lock
[2026-02-09T16:27:22.773231 41810] Released /Users/hassoncs/.ccache/2/0/stats.lock
[2026-02-09T16:27:22.773246 41810] Acquiring /Users/hassoncs/.ccache/2/1/stats.lock
[2026-02-09T16:27:22.773348 41810] Acquired /Users/hassoncs/.ccache/2/1/stats.lock
[2026-02-09T16:27:22.773358 41810] Creating /Users/hassoncs/.ccache/2/1/stats.alive
[2026-02-09T16:27:22.773779 41810] Releasing /Users/hassoncs/.ccache/2/1/stats.lock
[2026-02-09T16:27:22.773869 41810] Released /Users/hassoncs/.ccache/2/1/stats.lock
[2026-02-09T16:27:22.773878 41810] Acquiring /Users/hassoncs/.ccache/2/2/stats.lock
[2026-02-09T16:27:22.773941 41810] Acquired /Users/hassoncs/.ccache/2/2/stats.lock
[2026-02-09T16:27:22.773948 41810] Creating /Users/hassoncs/.ccache/2/2/stats.alive
[2026-02-09T16:27:22.774257 41810] Releasing /Users/hassoncs/.ccache/2/2/stats.lock
[2026-02-09T16:27:22.774329 41810] Released /Users/hassoncs/.ccache/2/2/stats.lock
[2026-02-09T16:27:22.774337 41810] Acquiring /Users/hassoncs/.ccache/2/3/stats.lock
[2026-02-09T16:27:22.774394 41810] Acquired /Users/hassoncs/.ccache/2/3/stats.lock
[2026-02-09T16:27:22.774399 41810] Creating /Users/hassoncs/.ccache/2/3/stats.alive
[2026-02-09T16:27:22.774706 41810] Releasing /Users/hassoncs/.ccache/2/3/stats.lock
[2026-02-09T16:27:22.774804 41810] Released /Users/hassoncs/.ccache/2/3/stats.lock
[2026-02-09T16:27:22.774813 41810] Acquiring /Users/hassoncs/.ccache/2/4/stats.lock
[2026-02-09T16:27:22.774880 41810] Acquired /Users/hassoncs/.ccache/2/4/stats.lock
[2026-02-09T16:27:22.774897 41810] Creating /Users/hassoncs/.ccache/2/4/stats.alive
[2026-02-09T16:27:22.775559 41810] Releasing /Users/hassoncs/.ccache/2/4/stats.lock
[2026-02-09T16:27:22.775653 41810] Released /Users/hassoncs/.ccache/2/4/stats.lock
[2026-02-09T16:27:22.775664 41810] Acquiring /Users/hassoncs/.ccache/2/5/stats.lock
[2026-02-09T16:27:22.775738 41810] Acquired /Users/hassoncs/.ccache/2/5/stats.lock
[2026-02-09T16:27:22.775747 41810] Creating /Users/hassoncs/.ccache/2/5/stats.alive
[2026-02-09T16:27:22.776201 41810] Releasing /Users/hassoncs/.ccache/2/5/stats.lock
[2026-02-09T16:27:22.776335 41810] Released /Users/hassoncs/.ccache/2/5/stats.lock
[2026-02-09T16:27:22.776349 41810] Acquiring /Users/hassoncs/.ccache/2/6/stats.lock
[2026-02-09T16:27:22.776462 41810] Acquired /Users/hassoncs/.ccache/2/6/stats.lock
[2026-02-09T16:27:22.776471 41810] Creating /Users/hassoncs/.ccache/2/6/stats.alive
[2026-02-09T16:27:22.776880 41810] Releasing /Users/hassoncs/.ccache/2/6/stats.lock
[2026-02-09T16:27:22.776986 41810] Released /Users/hassoncs/.ccache/2/6/stats.lock
[2026-02-09T16:27:22.776995 41810] Acquiring /Users/hassoncs/.ccache/2/7/stats.lock
[2026-02-09T16:27:22.777063 41810] Acquired /Users/hassoncs/.ccache/2/7/stats.lock
[2026-02-09T16:27:22.777070 41810] Creating /Users/hassoncs/.ccache/2/7/stats.alive
[2026-02-09T16:27:22.777452 41810] Releasing /Users/hassoncs/.ccache/2/7/stats.lock
[2026-02-09T16:27:22.777545 41810] Released /Users/hassoncs/.ccache/2/7/stats.lock
[2026-02-09T16:27:22.777554 41810] Acquiring /Users/hassoncs/.ccache/2/8/stats.lock
[2026-02-09T16:27:22.777620 41810] Acquired /Users/hassoncs/.ccache/2/8/stats.lock
[2026-02-09T16:27:22.777627 41810] Creating /Users/hassoncs/.ccache/2/8/stats.alive
[2026-02-09T16:27:22.778205 41810] Releasing /Users/hassoncs/.ccache/2/8/stats.lock
[2026-02-09T16:27:22.778300 41810] Released /Users/hassoncs/.ccache/2/8/stats.lock
[2026-02-09T16:27:22.778311 41810] Acquiring /Users/hassoncs/.ccache/2/9/stats.lock
[2026-02-09T16:27:22.778381 41810] Acquired /Users/hassoncs/.ccache/2/9/stats.lock
[2026-02-09T16:27:22.778388 41810] Creating /Users/hassoncs/.ccache/2/9/stats.alive
[2026-02-09T16:27:22.778990 41810] Releasing /Users/hassoncs/.ccache/2/9/stats.lock
[2026-02-09T16:27:22.779125 41810] Released /Users/hassoncs/.ccache/2/9/stats.lock
[2026-02-09T16:27:22.779138 41810] Acquiring /Users/hassoncs/.ccache/2/a/stats.lock
[2026-02-09T16:27:22.779209 41810] Acquired /Users/hassoncs/.ccache/2/a/stats.lock
[2026-02-09T16:27:22.779216 41810] Creating /Users/hassoncs/.ccache/2/a/stats.alive
[2026-02-09T16:27:22.779892 41810] Releasing /Users/hassoncs/.ccache/2/a/stats.lock
[2026-02-09T16:27:22.780060 41810] Released /Users/hassoncs/.ccache/2/a/stats.lock
[2026-02-09T16:27:22.780076 41810] Acquiring /Users/hassoncs/.ccache/2/b/stats.lock
[2026-02-09T16:27:22.780154 41810] Acquired /Users/hassoncs/.ccache/2/b/stats.lock
[2026-02-09T16:27:22.780162 41810] Creating /Users/hassoncs/.ccache/2/b/stats.alive
[2026-02-09T16:27:22.780498 41810] Releasing /Users/hassoncs/.ccache/2/b/stats.lock
[2026-02-09T16:27:22.780575 41810] Released /Users/hassoncs/.ccache/2/b/stats.lock
[2026-02-09T16:27:22.780603 41810] Acquiring /Users/hassoncs/.ccache/2/c/stats.lock
[2026-02-09T16:27:22.780690 41810] Acquired /Users/hassoncs/.ccache/2/c/stats.lock
[2026-02-09T16:27:22.780699 41810] Creating /Users/hassoncs/.ccache/2/c/stats.alive
[2026-02-09T16:27:22.781359 41810] Releasing /Users/hassoncs/.ccache/2/c/stats.lock
[2026-02-09T16:27:22.781458 41810] Released /Users/hassoncs/.ccache/2/c/stats.lock
[2026-02-09T16:27:22.781468 41810] Acquiring /Users/hassoncs/.ccache/2/d/stats.lock
[2026-02-09T16:27:22.781579 41810] Acquired /Users/hassoncs/.ccache/2/d/stats.lock
[2026-02-09T16:27:22.781590 41810] Creating /Users/hassoncs/.ccache/2/d/stats.alive
[2026-02-09T16:27:22.782204 41810] Releasing /Users/hassoncs/.ccache/2/d/stats.lock
[2026-02-09T16:27:22.782304 41810] Released /Users/hassoncs/.ccache/2/d/stats.lock
[2026-02-09T16:27:22.782314 41810] Acquiring /Users/hassoncs/.ccache/2/e/stats.lock
[2026-02-09T16:27:22.782411 41810] Acquired /Users/hassoncs/.ccache/2/e/stats.lock
[2026-02-09T16:27:22.782419 41810] Creating /Users/hassoncs/.ccache/2/e/stats.alive
[2026-02-09T16:27:22.783048 41810] Releasing /Users/hassoncs/.ccache/2/e/stats.lock
[2026-02-09T16:27:22.783131 41810] Released /Users/hassoncs/.ccache/2/e/stats.lock
[2026-02-09T16:27:22.783141 41810] Acquiring /Users/hassoncs/.ccache/2/f/stats.lock
[2026-02-09T16:27:22.783210 41810] Acquired /Users/hassoncs/.ccache/2/f/stats.lock
[2026-02-09T16:27:22.783217 41810] Creating /Users/hassoncs/.ccache/2/f/stats.alive
[2026-02-09T16:27:22.783584 41810] Releasing /Users/hassoncs/.ccache/2/f/stats.lock
[2026-02-09T16:27:22.783703 41810] Released /Users/hassoncs/.ccache/2/f/stats.lock
[2026-02-09T16:27:22.783713 41810] Acquiring /Users/hassoncs/.ccache/3/stats.lock
[2026-02-09T16:27:22.783793 41810] Acquired /Users/hassoncs/.ccache/3/stats.lock
[2026-02-09T16:27:22.783800 41810] Creating /Users/hassoncs/.ccache/3/stats.alive
[2026-02-09T16:27:22.784146 41810] Releasing /Users/hassoncs/.ccache/3/stats.lock
[2026-02-09T16:27:22.784228 41810] Released /Users/hassoncs/.ccache/3/stats.lock
[2026-02-09T16:27:22.784237 41810] Acquiring /Users/hassoncs/.ccache/3/0/stats.lock
[2026-02-09T16:27:22.784299 41810] Acquired /Users/hassoncs/.ccache/3/0/stats.lock
[2026-02-09T16:27:22.784305 41810] Creating /Users/hassoncs/.ccache/3/0/stats.alive
[2026-02-09T16:27:22.785219 41810] Releasing /Users/hassoncs/.ccache/3/0/stats.lock
[2026-02-09T16:27:22.785304 41810] Released /Users/hassoncs/.ccache/3/0/stats.lock
[2026-02-09T16:27:22.785315 41810] Acquiring /Users/hassoncs/.ccache/3/1/stats.lock
[2026-02-09T16:27:22.785621 41810] Acquired /Users/hassoncs/.ccache/3/1/stats.lock
[2026-02-09T16:27:22.785658 41810] Creating /Users/hassoncs/.ccache/3/1/stats.alive
[2026-02-09T16:27:22.786291 41810] Releasing /Users/hassoncs/.ccache/3/1/stats.lock
[2026-02-09T16:27:22.786496 41810] Released /Users/hassoncs/.ccache/3/1/stats.lock
[2026-02-09T16:27:22.786514 41810] Acquiring /Users/hassoncs/.ccache/3/2/stats.lock
[2026-02-09T16:27:22.786591 41810] Acquired /Users/hassoncs/.ccache/3/2/stats.lock
[2026-02-09T16:27:22.786599 41810] Creating /Users/hassoncs/.ccache/3/2/stats.alive
[2026-02-09T16:27:22.787071 41810] Releasing /Users/hassoncs/.ccache/3/2/stats.lock
[2026-02-09T16:27:22.787161 41810] Released /Users/hassoncs/.ccache/3/2/stats.lock
[2026-02-09T16:27:22.787169 41810] Acquiring /Users/hassoncs/.ccache/3/3/stats.lock
[2026-02-09T16:27:22.787240 41810] Acquired /Users/hassoncs/.ccache/3/3/stats.lock
[2026-02-09T16:27:22.787248 41810] Creating /Users/hassoncs/.ccache/3/3/stats.alive
[2026-02-09T16:27:22.787709 41810] Releasing /Users/hassoncs/.ccache/3/3/stats.lock
[2026-02-09T16:27:22.787776 41810] Released /Users/hassoncs/.ccache/3/3/stats.lock
[2026-02-09T16:27:22.787783 41810] Acquiring /Users/hassoncs/.ccache/3/4/stats.lock
[2026-02-09T16:27:22.787838 41810] Acquired /Users/hassoncs/.ccache/3/4/stats.lock
[2026-02-09T16:27:22.787844 41810] Creating /Users/hassoncs/.ccache/3/4/stats.alive
[2026-02-09T16:27:22.788144 41810] Releasing /Users/hassoncs/.ccache/3/4/stats.lock
[2026-02-09T16:27:22.788223 41810] Released /Users/hassoncs/.ccache/3/4/stats.lock
[2026-02-09T16:27:22.788231 41810] Acquiring /Users/hassoncs/.ccache/3/5/stats.lock
[2026-02-09T16:27:22.788294 41810] Acquired /Users/hassoncs/.ccache/3/5/stats.lock
[2026-02-09T16:27:22.788300 41810] Creating /Users/hassoncs/.ccache/3/5/stats.alive
[2026-02-09T16:27:22.788588 41810] Releasing /Users/hassoncs/.ccache/3/5/stats.lock
[2026-02-09T16:27:22.788654 41810] Released /Users/hassoncs/.ccache/3/5/stats.lock
[2026-02-09T16:27:22.788661 41810] Acquiring /Users/hassoncs/.ccache/3/6/stats.lock
[2026-02-09T16:27:22.788717 41810] Acquired /Users/hassoncs/.ccache/3/6/stats.lock
[2026-02-09T16:27:22.788723 41810] Creating /Users/hassoncs/.ccache/3/6/stats.alive
[2026-02-09T16:27:22.789133 41810] Releasing /Users/hassoncs/.ccache/3/6/stats.lock
[2026-02-09T16:27:22.789212 41810] Released /Users/hassoncs/.ccache/3/6/stats.lock
[2026-02-09T16:27:22.789227 41810] Acquiring /Users/hassoncs/.ccache/3/7/stats.lock
[2026-02-09T16:27:22.789284 41810] Acquired /Users/hassoncs/.ccache/3/7/stats.lock
[2026-02-09T16:27:22.789291 41810] Creating /Users/hassoncs/.ccache/3/7/stats.alive
[2026-02-09T16:27:22.789649 41810] Releasing /Users/hassoncs/.ccache/3/7/stats.lock
[2026-02-09T16:27:22.789769 41810] Released /Users/hassoncs/.ccache/3/7/stats.lock
[2026-02-09T16:27:22.789777 41810] Acquiring /Users/hassoncs/.ccache/3/8/stats.lock
[2026-02-09T16:27:22.789848 41810] Acquired /Users/hassoncs/.ccache/3/8/stats.lock
[2026-02-09T16:27:22.789854 41810] Creating /Users/hassoncs/.ccache/3/8/stats.alive
[2026-02-09T16:27:22.790558 41810] Releasing /Users/hassoncs/.ccache/3/8/stats.lock
[2026-02-09T16:27:22.790792 41810] Released /Users/hassoncs/.ccache/3/8/stats.lock
[2026-02-09T16:27:22.790815 41810] Acquiring /Users/hassoncs/.ccache/3/9/stats.lock
[2026-02-09T16:27:22.791005 41810] Acquired /Users/hassoncs/.ccache/3/9/stats.lock
[2026-02-09T16:27:22.791030 41810] Creating /Users/hassoncs/.ccache/3/9/stats.alive
[2026-02-09T16:27:22.791817 41810] Releasing /Users/hassoncs/.ccache/3/9/stats.lock
[2026-02-09T16:27:22.791930 41810] Released /Users/hassoncs/.ccache/3/9/stats.lock
[2026-02-09T16:27:22.791942 41810] Acquiring /Users/hassoncs/.ccache/3/a/stats.lock
[2026-02-09T16:27:22.792018 41810] Acquired /Users/hassoncs/.ccache/3/a/stats.lock
[2026-02-09T16:27:22.792026 41810] Creating /Users/hassoncs/.ccache/3/a/stats.alive
[2026-02-09T16:27:22.792362 41810] Releasing /Users/hassoncs/.ccache/3/a/stats.lock
[2026-02-09T16:27:22.792441 41810] Released /Users/hassoncs/.ccache/3/a/stats.lock
[2026-02-09T16:27:22.792449 41810] Acquiring /Users/hassoncs/.ccache/3/b/stats.lock
[2026-02-09T16:27:22.792533 41810] Acquired /Users/hassoncs/.ccache/3/b/stats.lock
[2026-02-09T16:27:22.792540 41810] Creating /Users/hassoncs/.ccache/3/b/stats.alive
[2026-02-09T16:27:22.793165 41810] Releasing /Users/hassoncs/.ccache/3/b/stats.lock
[2026-02-09T16:27:22.793256 41810] Released /Users/hassoncs/.ccache/3/b/stats.lock
[2026-02-09T16:27:22.793269 41810] Acquiring /Users/hassoncs/.ccache/3/c/stats.lock
[2026-02-09T16:27:22.793365 41810] Acquired /Users/hassoncs/.ccache/3/c/stats.lock
[2026-02-09T16:27:22.793374 41810] Creating /Users/hassoncs/.ccache/3/c/stats.alive
[2026-02-09T16:27:22.793916 41810] Releasing /Users/hassoncs/.ccache/3/c/stats.lock
[2026-02-09T16:27:22.794105 41810] Released /Users/hassoncs/.ccache/3/c/stats.lock
[2026-02-09T16:27:22.794143 41810] Acquiring /Users/hassoncs/.ccache/3/d/stats.lock
[2026-02-09T16:27:22.794303 41810] Acquired /Users/hassoncs/.ccache/3/d/stats.lock
[2026-02-09T16:27:22.794330 41810] Creating /Users/hassoncs/.ccache/3/d/stats.alive
[2026-02-09T16:27:22.795063 41810] Releasing /Users/hassoncs/.ccache/3/d/stats.lock
[2026-02-09T16:27:22.795196 41810] Released /Users/hassoncs/.ccache/3/d/stats.lock
[2026-02-09T16:27:22.795206 41810] Acquiring /Users/hassoncs/.ccache/3/e/stats.lock
[2026-02-09T16:27:22.795275 41810] Acquired /Users/hassoncs/.ccache/3/e/stats.lock
[2026-02-09T16:27:22.795282 41810] Creating /Users/hassoncs/.ccache/3/e/stats.alive
[2026-02-09T16:27:22.795684 41810] Releasing /Users/hassoncs/.ccache/3/e/stats.lock
[2026-02-09T16:27:22.795787 41810] Released /Users/hassoncs/.ccache/3/e/stats.lock
[2026-02-09T16:27:22.795796 41810] Acquiring /Users/hassoncs/.ccache/3/f/stats.lock
[2026-02-09T16:27:22.795901 41810] Acquired /Users/hassoncs/.ccache/3/f/stats.lock
[2026-02-09T16:27:22.795909 41810] Creating /Users/hassoncs/.ccache/3/f/stats.alive
[2026-02-09T16:27:22.796277 41810] Releasing /Users/hassoncs/.ccache/3/f/stats.lock
[2026-02-09T16:27:22.796376 41810] Released /Users/hassoncs/.ccache/3/f/stats.lock
[2026-02-09T16:27:22.796385 41810] Acquiring /Users/hassoncs/.ccache/4/stats.lock
[2026-02-09T16:27:22.796475 41810] Acquired /Users/hassoncs/.ccache/4/stats.lock
[2026-02-09T16:27:22.796482 41810] Creating /Users/hassoncs/.ccache/4/stats.alive
[2026-02-09T16:27:22.796838 41810] Releasing /Users/hassoncs/.ccache/4/stats.lock
[2026-02-09T16:27:22.796958 41810] Released /Users/hassoncs/.ccache/4/stats.lock
[2026-02-09T16:27:22.796970 41810] Acquiring /Users/hassoncs/.ccache/4/0/stats.lock
[2026-02-09T16:27:22.797053 41810] Acquired /Users/hassoncs/.ccache/4/0/stats.lock
[2026-02-09T16:27:22.797062 41810] Creating /Users/hassoncs/.ccache/4/0/stats.alive
[2026-02-09T16:27:22.798017 41810] Releasing /Users/hassoncs/.ccache/4/0/stats.lock
[2026-02-09T16:27:22.798170 41810] Released /Users/hassoncs/.ccache/4/0/stats.lock
[2026-02-09T16:27:22.798186 41810] Acquiring /Users/hassoncs/.ccache/4/1/stats.lock
[2026-02-09T16:27:22.798327 41810] Acquired /Users/hassoncs/.ccache/4/1/stats.lock
[2026-02-09T16:27:22.798342 41810] Creating /Users/hassoncs/.ccache/4/1/stats.alive
[2026-02-09T16:27:22.799109 41810] Releasing /Users/hassoncs/.ccache/4/1/stats.lock
[2026-02-09T16:27:22.799411 41810] Released /Users/hassoncs/.ccache/4/1/stats.lock
[2026-02-09T16:27:22.799453 41810] Acquiring /Users/hassoncs/.ccache/4/2/stats.lock
[2026-02-09T16:27:22.799601 41810] Acquired /Users/hassoncs/.ccache/4/2/stats.lock
[2026-02-09T16:27:22.799616 41810] Creating /Users/hassoncs/.ccache/4/2/stats.alive
[2026-02-09T16:27:22.800181 41810] Releasing /Users/hassoncs/.ccache/4/2/stats.lock
[2026-02-09T16:27:22.800252 41810] Released /Users/hassoncs/.ccache/4/2/stats.lock
[2026-02-09T16:27:22.800260 41810] Acquiring /Users/hassoncs/.ccache/4/3/stats.lock
[2026-02-09T16:27:22.800339 41810] Acquired /Users/hassoncs/.ccache/4/3/stats.lock
[2026-02-09T16:27:22.800346 41810] Creating /Users/hassoncs/.ccache/4/3/stats.alive
[2026-02-09T16:27:22.800634 41810] Releasing /Users/hassoncs/.ccache/4/3/stats.lock
[2026-02-09T16:27:22.800707 41810] Released /Users/hassoncs/.ccache/4/3/stats.lock
[2026-02-09T16:27:22.800713 41810] Acquiring /Users/hassoncs/.ccache/4/4/stats.lock
[2026-02-09T16:27:22.800798 41810] Acquired /Users/hassoncs/.ccache/4/4/stats.lock
[2026-02-09T16:27:22.800804 41810] Creating /Users/hassoncs/.ccache/4/4/stats.alive
[2026-02-09T16:27:22.801102 41810] Releasing /Users/hassoncs/.ccache/4/4/stats.lock
[2026-02-09T16:27:22.801389 41810] Released /Users/hassoncs/.ccache/4/4/stats.lock
[2026-02-09T16:27:22.801402 41810] Acquiring /Users/hassoncs/.ccache/4/5/stats.lock
[2026-02-09T16:27:22.801488 41810] Acquired /Users/hassoncs/.ccache/4/5/stats.lock
[2026-02-09T16:27:22.801496 41810] Creating /Users/hassoncs/.ccache/4/5/stats.alive
[2026-02-09T16:27:22.802036 41810] Releasing /Users/hassoncs/.ccache/4/5/stats.lock
[2026-02-09T16:27:22.802130 41810] Released /Users/hassoncs/.ccache/4/5/stats.lock
[2026-02-09T16:27:22.802137 41810] Acquiring /Users/hassoncs/.ccache/4/6/stats.lock
[2026-02-09T16:27:22.802240 41810] Acquired /Users/hassoncs/.ccache/4/6/stats.lock
[2026-02-09T16:27:22.802247 41810] Creating /Users/hassoncs/.ccache/4/6/stats.alive
[2026-02-09T16:27:22.803432 41810] Releasing /Users/hassoncs/.ccache/4/6/stats.lock
[2026-02-09T16:27:22.803599 41810] Released /Users/hassoncs/.ccache/4/6/stats.lock
[2026-02-09T16:27:22.803614 41810] Acquiring /Users/hassoncs/.ccache/4/7/stats.lock
[2026-02-09T16:27:22.803723 41810] Acquired /Users/hassoncs/.ccache/4/7/stats.lock
[2026-02-09T16:27:22.803732 41810] Creating /Users/hassoncs/.ccache/4/7/stats.alive
[2026-02-09T16:27:22.804408 41810] Releasing /Users/hassoncs/.ccache/4/7/stats.lock
[2026-02-09T16:27:22.804493 41810] Released /Users/hassoncs/.ccache/4/7/stats.lock
[2026-02-09T16:27:22.804503 41810] Acquiring /Users/hassoncs/.ccache/4/8/stats.lock
[2026-02-09T16:27:22.804582 41810] Acquired /Users/hassoncs/.ccache/4/8/stats.lock
[2026-02-09T16:27:22.804590 41810] Creating /Users/hassoncs/.ccache/4/8/stats.alive
[2026-02-09T16:27:22.804956 41810] Releasing /Users/hassoncs/.ccache/4/8/stats.lock
[2026-02-09T16:27:22.805046 41810] Released /Users/hassoncs/.ccache/4/8/stats.lock
[2026-02-09T16:27:22.805055 41810] Acquiring /Users/hassoncs/.ccache/4/9/stats.lock
[2026-02-09T16:27:22.805135 41810] Acquired /Users/hassoncs/.ccache/4/9/stats.lock
[2026-02-09T16:27:22.805142 41810] Creating /Users/hassoncs/.ccache/4/9/stats.alive
[2026-02-09T16:27:22.805962 41810] Releasing /Users/hassoncs/.ccache/4/9/stats.lock
[2026-02-09T16:27:22.806112 41810] Released /Users/hassoncs/.ccache/4/9/stats.lock
[2026-02-09T16:27:22.806133 41810] Acquiring /Users/hassoncs/.ccache/4/a/stats.lock
[2026-02-09T16:27:22.806247 41810] Acquired /Users/hassoncs/.ccache/4/a/stats.lock
[2026-02-09T16:27:22.806262 41810] Creating /Users/hassoncs/.ccache/4/a/stats.alive
[2026-02-09T16:27:22.806873 41810] Releasing /Users/hassoncs/.ccache/4/a/stats.lock
[2026-02-09T16:27:22.806962 41810] Released /Users/hassoncs/.ccache/4/a/stats.lock
[2026-02-09T16:27:22.806971 41810] Acquiring /Users/hassoncs/.ccache/4/b/stats.lock
[2026-02-09T16:27:22.807036 41810] Acquired /Users/hassoncs/.ccache/4/b/stats.lock
[2026-02-09T16:27:22.807043 41810] Creating /Users/hassoncs/.ccache/4/b/stats.alive
[2026-02-09T16:27:22.807391 41810] Releasing /Users/hassoncs/.ccache/4/b/stats.lock
[2026-02-09T16:27:22.807457 41810] Released /Users/hassoncs/.ccache/4/b/stats.lock
[2026-02-09T16:27:22.807464 41810] Acquiring /Users/hassoncs/.ccache/4/c/stats.lock
[2026-02-09T16:27:22.807518 41810] Acquired /Users/hassoncs/.ccache/4/c/stats.lock
[2026-02-09T16:27:22.807524 41810] Creating /Users/hassoncs/.ccache/4/c/stats.alive
[2026-02-09T16:27:22.807815 41810] Releasing /Users/hassoncs/.ccache/4/c/stats.lock
[2026-02-09T16:27:22.807878 41810] Released /Users/hassoncs/.ccache/4/c/stats.lock
[2026-02-09T16:27:22.807884 41810] Acquiring /Users/hassoncs/.ccache/4/d/stats.lock
[2026-02-09T16:27:22.807940 41810] Acquired /Users/hassoncs/.ccache/4/d/stats.lock
[2026-02-09T16:27:22.807946 41810] Creating /Users/hassoncs/.ccache/4/d/stats.alive
[2026-02-09T16:27:22.808458 41810] Releasing /Users/hassoncs/.ccache/4/d/stats.lock
[2026-02-09T16:27:22.808538 41810] Released /Users/hassoncs/.ccache/4/d/stats.lock
[2026-02-09T16:27:22.808547 41810] Acquiring /Users/hassoncs/.ccache/4/e/stats.lock
[2026-02-09T16:27:22.808623 41810] Acquired /Users/hassoncs/.ccache/4/e/stats.lock
[2026-02-09T16:27:22.808630 41810] Creating /Users/hassoncs/.ccache/4/e/stats.alive
[2026-02-09T16:27:22.809102 41810] Releasing /Users/hassoncs/.ccache/4/e/stats.lock
[2026-02-09T16:27:22.809182 41810] Released /Users/hassoncs/.ccache/4/e/stats.lock
[2026-02-09T16:27:22.809190 41810] Acquiring /Users/hassoncs/.ccache/4/f/stats.lock
[2026-02-09T16:27:22.809265 41810] Acquired /Users/hassoncs/.ccache/4/f/stats.lock
[2026-02-09T16:27:22.809271 41810] Creating /Users/hassoncs/.ccache/4/f/stats.alive
[2026-02-09T16:27:22.810191 41810] Releasing /Users/hassoncs/.ccache/4/f/stats.lock
[2026-02-09T16:27:22.810316 41810] Released /Users/hassoncs/.ccache/4/f/stats.lock
[2026-02-09T16:27:22.810328 41810] Acquiring /Users/hassoncs/.ccache/5/stats.lock
[2026-02-09T16:27:22.810410 41810] Acquired /Users/hassoncs/.ccache/5/stats.lock
[2026-02-09T16:27:22.810418 41810] Creating /Users/hassoncs/.ccache/5/stats.alive
[2026-02-09T16:27:22.810738 41810] Releasing /Users/hassoncs/.ccache/5/stats.lock
[2026-02-09T16:27:22.810826 41810] Released /Users/hassoncs/.ccache/5/stats.lock
[2026-02-09T16:27:22.810836 41810] Acquiring /Users/hassoncs/.ccache/5/0/stats.lock
[2026-02-09T16:27:22.810909 41810] Acquired /Users/hassoncs/.ccache/5/0/stats.lock
[2026-02-09T16:27:22.810915 41810] Creating /Users/hassoncs/.ccache/5/0/stats.alive
[2026-02-09T16:27:22.811298 41810] Releasing /Users/hassoncs/.ccache/5/0/stats.lock
[2026-02-09T16:27:22.811385 41810] Released /Users/hassoncs/.ccache/5/0/stats.lock
[2026-02-09T16:27:22.811394 41810] Acquiring /Users/hassoncs/.ccache/5/1/stats.lock
[2026-02-09T16:27:22.811468 41810] Acquired /Users/hassoncs/.ccache/5/1/stats.lock
[2026-02-09T16:27:22.811475 41810] Creating /Users/hassoncs/.ccache/5/1/stats.alive
[2026-02-09T16:27:22.811995 41810] Releasing /Users/hassoncs/.ccache/5/1/stats.lock
[2026-02-09T16:27:22.812064 41810] Released /Users/hassoncs/.ccache/5/1/stats.lock
[2026-02-09T16:27:22.812071 41810] Acquiring /Users/hassoncs/.ccache/5/2/stats.lock
[2026-02-09T16:27:22.812152 41810] Acquired /Users/hassoncs/.ccache/5/2/stats.lock
[2026-02-09T16:27:22.812169 41810] Creating /Users/hassoncs/.ccache/5/2/stats.alive
[2026-02-09T16:27:22.812663 41810] Releasing /Users/hassoncs/.ccache/5/2/stats.lock
[2026-02-09T16:27:22.812762 41810] Released /Users/hassoncs/.ccache/5/2/stats.lock
[2026-02-09T16:27:22.812772 41810] Acquiring /Users/hassoncs/.ccache/5/3/stats.lock
[2026-02-09T16:27:22.812845 41810] Acquired /Users/hassoncs/.ccache/5/3/stats.lock
[2026-02-09T16:27:22.812852 41810] Creating /Users/hassoncs/.ccache/5/3/stats.alive
[2026-02-09T16:27:22.813346 41810] Releasing /Users/hassoncs/.ccache/5/3/stats.lock
[2026-02-09T16:27:22.813412 41810] Released /Users/hassoncs/.ccache/5/3/stats.lock
[2026-02-09T16:27:22.813419 41810] Acquiring /Users/hassoncs/.ccache/5/4/stats.lock
[2026-02-09T16:27:22.813482 41810] Acquired /Users/hassoncs/.ccache/5/4/stats.lock
[2026-02-09T16:27:22.813488 41810] Creating /Users/hassoncs/.ccache/5/4/stats.alive
[2026-02-09T16:27:22.813815 41810] Releasing /Users/hassoncs/.ccache/5/4/stats.lock
[2026-02-09T16:27:22.813887 41810] Released /Users/hassoncs/.ccache/5/4/stats.lock
[2026-02-09T16:27:22.813895 41810] Acquiring /Users/hassoncs/.ccache/5/5/stats.lock
[2026-02-09T16:27:22.813954 41810] Acquired /Users/hassoncs/.ccache/5/5/stats.lock
[2026-02-09T16:27:22.813960 41810] Creating /Users/hassoncs/.ccache/5/5/stats.alive
[2026-02-09T16:27:22.814477 41810] Releasing /Users/hassoncs/.ccache/5/5/stats.lock
[2026-02-09T16:27:22.814611 41810] Released /Users/hassoncs/.ccache/5/5/stats.lock
[2026-02-09T16:27:22.814624 41810] Acquiring /Users/hassoncs/.ccache/5/6/stats.lock
[2026-02-09T16:27:22.814695 41810] Acquired /Users/hassoncs/.ccache/5/6/stats.lock
[2026-02-09T16:27:22.814702 41810] Creating /Users/hassoncs/.ccache/5/6/stats.alive
[2026-02-09T16:27:22.815017 41810] Releasing /Users/hassoncs/.ccache/5/6/stats.lock
[2026-02-09T16:27:22.815081 41810] Released /Users/hassoncs/.ccache/5/6/stats.lock
[2026-02-09T16:27:22.815089 41810] Acquiring /Users/hassoncs/.ccache/5/7/stats.lock
[2026-02-09T16:27:22.815159 41810] Acquired /Users/hassoncs/.ccache/5/7/stats.lock
[2026-02-09T16:27:22.815167 41810] Creating /Users/hassoncs/.ccache/5/7/stats.alive
[2026-02-09T16:27:22.815821 41810] Releasing /Users/hassoncs/.ccache/5/7/stats.lock
[2026-02-09T16:27:22.815895 41810] Released /Users/hassoncs/.ccache/5/7/stats.lock
[2026-02-09T16:27:22.815904 41810] Acquiring /Users/hassoncs/.ccache/5/8/stats.lock
[2026-02-09T16:27:22.815977 41810] Acquired /Users/hassoncs/.ccache/5/8/stats.lock
[2026-02-09T16:27:22.815984 41810] Creating /Users/hassoncs/.ccache/5/8/stats.alive
[2026-02-09T16:27:22.816350 41810] Releasing /Users/hassoncs/.ccache/5/8/stats.lock
[2026-02-09T16:27:22.816420 41810] Released /Users/hassoncs/.ccache/5/8/stats.lock
[2026-02-09T16:27:22.816427 41810] Acquiring /Users/hassoncs/.ccache/5/9/stats.lock
[2026-02-09T16:27:22.816502 41810] Acquired /Users/hassoncs/.ccache/5/9/stats.lock
[2026-02-09T16:27:22.816508 41810] Creating /Users/hassoncs/.ccache/5/9/stats.alive
[2026-02-09T16:27:22.817040 41810] Releasing /Users/hassoncs/.ccache/5/9/stats.lock
[2026-02-09T16:27:22.817116 41810] Released /Users/hassoncs/.ccache/5/9/stats.lock
[2026-02-09T16:27:22.817124 41810] Acquiring /Users/hassoncs/.ccache/5/a/stats.lock
[2026-02-09T16:27:22.817184 41810] Acquired /Users/hassoncs/.ccache/5/a/stats.lock
[2026-02-09T16:27:22.817190 41810] Creating /Users/hassoncs/.ccache/5/a/stats.alive
[2026-02-09T16:27:22.817489 41810] Releasing /Users/hassoncs/.ccache/5/a/stats.lock
[2026-02-09T16:27:22.817567 41810] Released /Users/hassoncs/.ccache/5/a/stats.lock
[2026-02-09T16:27:22.817575 41810] Acquiring /Users/hassoncs/.ccache/5/b/stats.lock
[2026-02-09T16:27:22.817632 41810] Acquired /Users/hassoncs/.ccache/5/b/stats.lock
[2026-02-09T16:27:22.817639 41810] Creating /Users/hassoncs/.ccache/5/b/stats.alive
[2026-02-09T16:27:22.818427 41810] Releasing /Users/hassoncs/.ccache/5/b/stats.lock
[2026-02-09T16:27:22.818590 41810] Released /Users/hassoncs/.ccache/5/b/stats.lock
[2026-02-09T16:27:22.818609 41810] Acquiring /Users/hassoncs/.ccache/5/c/stats.lock
[2026-02-09T16:27:22.818746 41810] Acquired /Users/hassoncs/.ccache/5/c/stats.lock
[2026-02-09T16:27:22.818758 41810] Creating /Users/hassoncs/.ccache/5/c/stats.alive
[2026-02-09T16:27:22.819438 41810] Releasing /Users/hassoncs/.ccache/5/c/stats.lock
[2026-02-09T16:27:22.819524 41810] Released /Users/hassoncs/.ccache/5/c/stats.lock
[2026-02-09T16:27:22.819533 41810] Acquiring /Users/hassoncs/.ccache/5/d/stats.lock
[2026-02-09T16:27:22.819598 41810] Acquired /Users/hassoncs/.ccache/5/d/stats.lock
[2026-02-09T16:27:22.819604 41810] Creating /Users/hassoncs/.ccache/5/d/stats.alive
[2026-02-09T16:27:22.820338 41810] Releasing /Users/hassoncs/.ccache/5/d/stats.lock
[2026-02-09T16:27:22.820439 41810] Released /Users/hassoncs/.ccache/5/d/stats.lock
[2026-02-09T16:27:22.820452 41810] Acquiring /Users/hassoncs/.ccache/5/e/stats.lock
[2026-02-09T16:27:22.820529 41810] Acquired /Users/hassoncs/.ccache/5/e/stats.lock
[2026-02-09T16:27:22.820537 41810] Creating /Users/hassoncs/.ccache/5/e/stats.alive
[2026-02-09T16:27:22.820918 41810] Releasing /Users/hassoncs/.ccache/5/e/stats.lock
[2026-02-09T16:27:22.820989 41810] Released /Users/hassoncs/.ccache/5/e/stats.lock
[2026-02-09T16:27:22.820996 41810] Acquiring /Users/hassoncs/.ccache/5/f/stats.lock
[2026-02-09T16:27:22.821059 41810] Acquired /Users/hassoncs/.ccache/5/f/stats.lock
[2026-02-09T16:27:22.821065 41810] Creating /Users/hassoncs/.ccache/5/f/stats.alive
[2026-02-09T16:27:22.821619 41810] Releasing /Users/hassoncs/.ccache/5/f/stats.lock
[2026-02-09T16:27:22.821707 41810] Released /Users/hassoncs/.ccache/5/f/stats.lock
[2026-02-09T16:27:22.821717 41810] Acquiring /Users/hassoncs/.ccache/6/stats.lock
[2026-02-09T16:27:22.821775 41810] Acquired /Users/hassoncs/.ccache/6/stats.lock
[2026-02-09T16:27:22.821782 41810] Creating /Users/hassoncs/.ccache/6/stats.alive
[2026-02-09T16:27:22.822013 41810] Releasing /Users/hassoncs/.ccache/6/stats.lock
[2026-02-09T16:27:22.822080 41810] Released /Users/hassoncs/.ccache/6/stats.lock
[2026-02-09T16:27:22.822087 41810] Acquiring /Users/hassoncs/.ccache/6/0/stats.lock
[2026-02-09T16:27:22.822139 41810] Acquired /Users/hassoncs/.ccache/6/0/stats.lock
[2026-02-09T16:27:22.822145 41810] Creating /Users/hassoncs/.ccache/6/0/stats.alive
[2026-02-09T16:27:22.822436 41810] Releasing /Users/hassoncs/.ccache/6/0/stats.lock
[2026-02-09T16:27:22.822590 41810] Released /Users/hassoncs/.ccache/6/0/stats.lock
[2026-02-09T16:27:22.822608 41810] Acquiring /Users/hassoncs/.ccache/6/1/stats.lock
[2026-02-09T16:27:22.822703 41810] Acquired /Users/hassoncs/.ccache/6/1/stats.lock
[2026-02-09T16:27:22.822713 41810] Creating /Users/hassoncs/.ccache/6/1/stats.alive
[2026-02-09T16:27:22.823119 41810] Releasing /Users/hassoncs/.ccache/6/1/stats.lock
[2026-02-09T16:27:22.823190 41810] Released /Users/hassoncs/.ccache/6/1/stats.lock
[2026-02-09T16:27:22.823198 41810] Acquiring /Users/hassoncs/.ccache/6/2/stats.lock
[2026-02-09T16:27:22.823265 41810] Acquired /Users/hassoncs/.ccache/6/2/stats.lock
[2026-02-09T16:27:22.823272 41810] Creating /Users/hassoncs/.ccache/6/2/stats.alive
[2026-02-09T16:27:22.823621 41810] Releasing /Users/hassoncs/.ccache/6/2/stats.lock
[2026-02-09T16:27:22.823721 41810] Released /Users/hassoncs/.ccache/6/2/stats.lock
[2026-02-09T16:27:22.823730 41810] Acquiring /Users/hassoncs/.ccache/6/3/stats.lock
[2026-02-09T16:27:22.823842 41810] Acquired /Users/hassoncs/.ccache/6/3/stats.lock
[2026-02-09T16:27:22.823849 41810] Creating /Users/hassoncs/.ccache/6/3/stats.alive
[2026-02-09T16:27:22.824371 41810] Releasing /Users/hassoncs/.ccache/6/3/stats.lock
[2026-02-09T16:27:22.824455 41810] Released /Users/hassoncs/.ccache/6/3/stats.lock
[2026-02-09T16:27:22.824465 41810] Acquiring /Users/hassoncs/.ccache/6/4/stats.lock
[2026-02-09T16:27:22.824539 41810] Acquired /Users/hassoncs/.ccache/6/4/stats.lock
[2026-02-09T16:27:22.824546 41810] Creating /Users/hassoncs/.ccache/6/4/stats.alive
[2026-02-09T16:27:22.824892 41810] Releasing /Users/hassoncs/.ccache/6/4/stats.lock
[2026-02-09T16:27:22.824958 41810] Released /Users/hassoncs/.ccache/6/4/stats.lock
[2026-02-09T16:27:22.824973 41810] Acquiring /Users/hassoncs/.ccache/6/5/stats.lock
[2026-02-09T16:27:22.825033 41810] Acquired /Users/hassoncs/.ccache/6/5/stats.lock
[2026-02-09T16:27:22.825040 41810] Creating /Users/hassoncs/.ccache/6/5/stats.alive
[2026-02-09T16:27:22.825339 41810] Releasing /Users/hassoncs/.ccache/6/5/stats.lock
[2026-02-09T16:27:22.825421 41810] Released /Users/hassoncs/.ccache/6/5/stats.lock
[2026-02-09T16:27:22.825486 41810] Acquiring /Users/hassoncs/.ccache/6/6/stats.lock
[2026-02-09T16:27:22.825935 41810] Acquired /Users/hassoncs/.ccache/6/6/stats.lock
[2026-02-09T16:27:22.826002 41810] Creating /Users/hassoncs/.ccache/6/6/stats.alive
[2026-02-09T16:27:22.826534 41810] Releasing /Users/hassoncs/.ccache/6/6/stats.lock
[2026-02-09T16:27:22.826601 41810] Released /Users/hassoncs/.ccache/6/6/stats.lock
[2026-02-09T16:27:22.826609 41810] Acquiring /Users/hassoncs/.ccache/6/7/stats.lock
[2026-02-09T16:27:22.826689 41810] Acquired /Users/hassoncs/.ccache/6/7/stats.lock
[2026-02-09T16:27:22.826695 41810] Creating /Users/hassoncs/.ccache/6/7/stats.alive
[2026-02-09T16:27:22.827298 41810] Releasing /Users/hassoncs/.ccache/6/7/stats.lock
[2026-02-09T16:27:22.827378 41810] Released /Users/hassoncs/.ccache/6/7/stats.lock
[2026-02-09T16:27:22.827387 41810] Acquiring /Users/hassoncs/.ccache/6/8/stats.lock
[2026-02-09T16:27:22.827451 41810] Acquired /Users/hassoncs/.ccache/6/8/stats.lock
[2026-02-09T16:27:22.827458 41810] Creating /Users/hassoncs/.ccache/6/8/stats.alive
[2026-02-09T16:27:22.827890 41810] Releasing /Users/hassoncs/.ccache/6/8/stats.lock
[2026-02-09T16:27:22.827982 41810] Released /Users/hassoncs/.ccache/6/8/stats.lock
[2026-02-09T16:27:22.827994 41810] Acquiring /Users/hassoncs/.ccache/6/9/stats.lock
[2026-02-09T16:27:22.828061 41810] Acquired /Users/hassoncs/.ccache/6/9/stats.lock
[2026-02-09T16:27:22.828067 41810] Creating /Users/hassoncs/.ccache/6/9/stats.alive
[2026-02-09T16:27:22.828700 41810] Releasing /Users/hassoncs/.ccache/6/9/stats.lock
[2026-02-09T16:27:22.829002 41810] Released /Users/hassoncs/.ccache/6/9/stats.lock
[2026-02-09T16:27:22.829018 41810] Acquiring /Users/hassoncs/.ccache/6/a/stats.lock
[2026-02-09T16:27:22.829109 41810] Acquired /Users/hassoncs/.ccache/6/a/stats.lock
[2026-02-09T16:27:22.829117 41810] Creating /Users/hassoncs/.ccache/6/a/stats.alive
[2026-02-09T16:27:22.829822 41810] Releasing /Users/hassoncs/.ccache/6/a/stats.lock
[2026-02-09T16:27:22.829964 41810] Released /Users/hassoncs/.ccache/6/a/stats.lock
[2026-02-09T16:27:22.829974 41810] Acquiring /Users/hassoncs/.ccache/6/b/stats.lock
[2026-02-09T16:27:22.830049 41810] Acquired /Users/hassoncs/.ccache/6/b/stats.lock
[2026-02-09T16:27:22.830056 41810] Creating /Users/hassoncs/.ccache/6/b/stats.alive
[2026-02-09T16:27:22.830440 41810] Releasing /Users/hassoncs/.ccache/6/b/stats.lock
[2026-02-09T16:27:22.830524 41810] Released /Users/hassoncs/.ccache/6/b/stats.lock
[2026-02-09T16:27:22.830533 41810] Acquiring /Users/hassoncs/.ccache/6/c/stats.lock
[2026-02-09T16:27:22.830604 41810] Acquired /Users/hassoncs/.ccache/6/c/stats.lock
[2026-02-09T16:27:22.830611 41810] Creating /Users/hassoncs/.ccache/6/c/stats.alive
[2026-02-09T16:27:22.831053 41810] Releasing /Users/hassoncs/.ccache/6/c/stats.lock
[2026-02-09T16:27:22.831145 41810] Released /Users/hassoncs/.ccache/6/c/stats.lock
[2026-02-09T16:27:22.831154 41810] Acquiring /Users/hassoncs/.ccache/6/d/stats.lock
[2026-02-09T16:27:22.831214 41810] Acquired /Users/hassoncs/.ccache/6/d/stats.lock
[2026-02-09T16:27:22.831221 41810] Creating /Users/hassoncs/.ccache/6/d/stats.alive
[2026-02-09T16:27:22.831567 41810] Releasing /Users/hassoncs/.ccache/6/d/stats.lock
[2026-02-09T16:27:22.831649 41810] Released /Users/hassoncs/.ccache/6/d/stats.lock
[2026-02-09T16:27:22.831657 41810] Acquiring /Users/hassoncs/.ccache/6/e/stats.lock
[2026-02-09T16:27:22.831719 41810] Acquired /Users/hassoncs/.ccache/6/e/stats.lock
[2026-02-09T16:27:22.831725 41810] Creating /Users/hassoncs/.ccache/6/e/stats.alive
[2026-02-09T16:27:22.832112 41810] Releasing /Users/hassoncs/.ccache/6/e/stats.lock
[2026-02-09T16:27:22.832192 41810] Released /Users/hassoncs/.ccache/6/e/stats.lock
[2026-02-09T16:27:22.832200 41810] Acquiring /Users/hassoncs/.ccache/6/f/stats.lock
[2026-02-09T16:27:22.832259 41810] Acquired /Users/hassoncs/.ccache/6/f/stats.lock
[2026-02-09T16:27:22.832266 41810] Creating /Users/hassoncs/.ccache/6/f/stats.alive
[2026-02-09T16:27:22.832643 41810] Releasing /Users/hassoncs/.ccache/6/f/stats.lock
[2026-02-09T16:27:22.832709 41810] Released /Users/hassoncs/.ccache/6/f/stats.lock
[2026-02-09T16:27:22.832716 41810] Acquiring /Users/hassoncs/.ccache/7/stats.lock
[2026-02-09T16:27:22.832773 41810] Acquired /Users/hassoncs/.ccache/7/stats.lock
[2026-02-09T16:27:22.832779 41810] Creating /Users/hassoncs/.ccache/7/stats.alive
[2026-02-09T16:27:22.832987 41810] Releasing /Users/hassoncs/.ccache/7/stats.lock
[2026-02-09T16:27:22.833048 41810] Released /Users/hassoncs/.ccache/7/stats.lock
[2026-02-09T16:27:22.833054 41810] Acquiring /Users/hassoncs/.ccache/7/0/stats.lock
[2026-02-09T16:27:22.833109 41810] Acquired /Users/hassoncs/.ccache/7/0/stats.lock
[2026-02-09T16:27:22.833115 41810] Creating /Users/hassoncs/.ccache/7/0/stats.alive
[2026-02-09T16:27:22.833396 41810] Releasing /Users/hassoncs/.ccache/7/0/stats.lock
[2026-02-09T16:27:22.833478 41810] Released /Users/hassoncs/.ccache/7/0/stats.lock
[2026-02-09T16:27:22.833486 41810] Acquiring /Users/hassoncs/.ccache/7/1/stats.lock
[2026-02-09T16:27:22.833554 41810] Acquired /Users/hassoncs/.ccache/7/1/stats.lock
[2026-02-09T16:27:22.833561 41810] Creating /Users/hassoncs/.ccache/7/1/stats.alive
[2026-02-09T16:27:22.834273 41810] Releasing /Users/hassoncs/.ccache/7/1/stats.lock
[2026-02-09T16:27:22.834369 41810] Released /Users/hassoncs/.ccache/7/1/stats.lock
[2026-02-09T16:27:22.834454 41810] Acquiring /Users/hassoncs/.ccache/7/2/stats.lock
[2026-02-09T16:27:22.834924 41810] Acquired /Users/hassoncs/.ccache/7/2/stats.lock
[2026-02-09T16:27:22.834980 41810] Creating /Users/hassoncs/.ccache/7/2/stats.alive
[2026-02-09T16:27:22.835772 41810] Releasing /Users/hassoncs/.ccache/7/2/stats.lock
[2026-02-09T16:27:22.835881 41810] Released /Users/hassoncs/.ccache/7/2/stats.lock
[2026-02-09T16:27:22.835895 41810] Acquiring /Users/hassoncs/.ccache/7/3/stats.lock
[2026-02-09T16:27:22.835975 41810] Acquired /Users/hassoncs/.ccache/7/3/stats.lock
[2026-02-09T16:27:22.835984 41810] Creating /Users/hassoncs/.ccache/7/3/stats.alive
[2026-02-09T16:27:22.836423 41810] Releasing /Users/hassoncs/.ccache/7/3/stats.lock
[2026-02-09T16:27:22.836499 41810] Released /Users/hassoncs/.ccache/7/3/stats.lock
[2026-02-09T16:27:22.836508 41810] Acquiring /Users/hassoncs/.ccache/7/4/stats.lock
[2026-02-09T16:27:22.836584 41810] Acquired /Users/hassoncs/.ccache/7/4/stats.lock
[2026-02-09T16:27:22.836591 41810] Creating /Users/hassoncs/.ccache/7/4/stats.alive
[2026-02-09T16:27:22.837093 41810] Releasing /Users/hassoncs/.ccache/7/4/stats.lock
[2026-02-09T16:27:22.837234 41810] Released /Users/hassoncs/.ccache/7/4/stats.lock
[2026-02-09T16:27:22.837243 41810] Acquiring /Users/hassoncs/.ccache/7/5/stats.lock
[2026-02-09T16:27:22.837315 41810] Acquired /Users/hassoncs/.ccache/7/5/stats.lock
[2026-02-09T16:27:22.837322 41810] Creating /Users/hassoncs/.ccache/7/5/stats.alive
[2026-02-09T16:27:22.837673 41810] Releasing /Users/hassoncs/.ccache/7/5/stats.lock
[2026-02-09T16:27:22.837737 41810] Released /Users/hassoncs/.ccache/7/5/stats.lock
[2026-02-09T16:27:22.837745 41810] Acquiring /Users/hassoncs/.ccache/7/6/stats.lock
[2026-02-09T16:27:22.837800 41810] Acquired /Users/hassoncs/.ccache/7/6/stats.lock
[2026-02-09T16:27:22.837806 41810] Creating /Users/hassoncs/.ccache/7/6/stats.alive
[2026-02-09T16:27:22.838090 41810] Releasing /Users/hassoncs/.ccache/7/6/stats.lock
[2026-02-09T16:27:22.838158 41810] Released /Users/hassoncs/.ccache/7/6/stats.lock
[2026-02-09T16:27:22.838165 41810] Acquiring /Users/hassoncs/.ccache/7/7/stats.lock
[2026-02-09T16:27:22.838224 41810] Acquired /Users/hassoncs/.ccache/7/7/stats.lock
[2026-02-09T16:27:22.838231 41810] Creating /Users/hassoncs/.ccache/7/7/stats.alive
[2026-02-09T16:27:22.838623 41810] Releasing /Users/hassoncs/.ccache/7/7/stats.lock
[2026-02-09T16:27:22.838724 41810] Released /Users/hassoncs/.ccache/7/7/stats.lock
[2026-02-09T16:27:22.838734 41810] Acquiring /Users/hassoncs/.ccache/7/8/stats.lock
[2026-02-09T16:27:22.838844 41810] Acquired /Users/hassoncs/.ccache/7/8/stats.lock
[2026-02-09T16:27:22.838855 41810] Creating /Users/hassoncs/.ccache/7/8/stats.alive
[2026-02-09T16:27:22.839479 41810] Releasing /Users/hassoncs/.ccache/7/8/stats.lock
[2026-02-09T16:27:22.839557 41810] Released /Users/hassoncs/.ccache/7/8/stats.lock
[2026-02-09T16:27:22.839566 41810] Acquiring /Users/hassoncs/.ccache/7/9/stats.lock
[2026-02-09T16:27:22.839629 41810] Acquired /Users/hassoncs/.ccache/7/9/stats.lock
[2026-02-09T16:27:22.839635 41810] Creating /Users/hassoncs/.ccache/7/9/stats.alive
[2026-02-09T16:27:22.839976 41810] Releasing /Users/hassoncs/.ccache/7/9/stats.lock
[2026-02-09T16:27:22.840057 41810] Released /Users/hassoncs/.ccache/7/9/stats.lock
[2026-02-09T16:27:22.840065 41810] Acquiring /Users/hassoncs/.ccache/7/a/stats.lock
[2026-02-09T16:27:22.840126 41810] Acquired /Users/hassoncs/.ccache/7/a/stats.lock
[2026-02-09T16:27:22.840132 41810] Creating /Users/hassoncs/.ccache/7/a/stats.alive
[2026-02-09T16:27:22.840837 41810] Releasing /Users/hassoncs/.ccache/7/a/stats.lock
[2026-02-09T16:27:22.840931 41810] Released /Users/hassoncs/.ccache/7/a/stats.lock
[2026-02-09T16:27:22.840940 41810] Acquiring /Users/hassoncs/.ccache/7/b/stats.lock
[2026-02-09T16:27:22.841015 41810] Acquired /Users/hassoncs/.ccache/7/b/stats.lock
[2026-02-09T16:27:22.841022 41810] Creating /Users/hassoncs/.ccache/7/b/stats.alive
[2026-02-09T16:27:22.841540 41810] Releasing /Users/hassoncs/.ccache/7/b/stats.lock
[2026-02-09T16:27:22.841621 41810] Released /Users/hassoncs/.ccache/7/b/stats.lock
[2026-02-09T16:27:22.841630 41810] Acquiring /Users/hassoncs/.ccache/7/c/stats.lock
[2026-02-09T16:27:22.841691 41810] Acquired /Users/hassoncs/.ccache/7/c/stats.lock
[2026-02-09T16:27:22.841698 41810] Creating /Users/hassoncs/.ccache/7/c/stats.alive
[2026-02-09T16:27:22.842038 41810] Releasing /Users/hassoncs/.ccache/7/c/stats.lock
[2026-02-09T16:27:22.842111 41810] Released /Users/hassoncs/.ccache/7/c/stats.lock
[2026-02-09T16:27:22.842118 41810] Acquiring /Users/hassoncs/.ccache/7/d/stats.lock
[2026-02-09T16:27:22.842178 41810] Acquired /Users/hassoncs/.ccache/7/d/stats.lock
[2026-02-09T16:27:22.842184 41810] Creating /Users/hassoncs/.ccache/7/d/stats.alive
[2026-02-09T16:27:22.842492 41810] Releasing /Users/hassoncs/.ccache/7/d/stats.lock
[2026-02-09T16:27:22.842580 41810] Released /Users/hassoncs/.ccache/7/d/stats.lock
[2026-02-09T16:27:22.842589 41810] Acquiring /Users/hassoncs/.ccache/7/e/stats.lock
[2026-02-09T16:27:22.842666 41810] Acquired /Users/hassoncs/.ccache/7/e/stats.lock
[2026-02-09T16:27:22.842672 41810] Creating /Users/hassoncs/.ccache/7/e/stats.alive
[2026-02-09T16:27:22.843546 41810] Releasing /Users/hassoncs/.ccache/7/e/stats.lock
[2026-02-09T16:27:22.843631 41810] Released /Users/hassoncs/.ccache/7/e/stats.lock
[2026-02-09T16:27:22.843640 41810] Acquiring /Users/hassoncs/.ccache/7/f/stats.lock
[2026-02-09T16:27:22.843709 41810] Acquired /Users/hassoncs/.ccache/7/f/stats.lock
[2026-02-09T16:27:22.843716 41810] Creating /Users/hassoncs/.ccache/7/f/stats.alive
[2026-02-09T16:27:22.844330 41810] Releasing /Users/hassoncs/.ccache/7/f/stats.lock
[2026-02-09T16:27:22.844422 41810] Released /Users/hassoncs/.ccache/7/f/stats.lock
[2026-02-09T16:27:22.844433 41810] Acquiring /Users/hassoncs/.ccache/8/stats.lock
[2026-02-09T16:27:22.844501 41810] Acquired /Users/hassoncs/.ccache/8/stats.lock
[2026-02-09T16:27:22.844508 41810] Creating /Users/hassoncs/.ccache/8/stats.alive
[2026-02-09T16:27:22.844777 41810] Releasing /Users/hassoncs/.ccache/8/stats.lock
[2026-02-09T16:27:22.844885 41810] Released /Users/hassoncs/.ccache/8/stats.lock
[2026-02-09T16:27:22.844895 41810] Acquiring /Users/hassoncs/.ccache/8/0/stats.lock
[2026-02-09T16:27:22.844965 41810] Acquired /Users/hassoncs/.ccache/8/0/stats.lock
[2026-02-09T16:27:22.844972 41810] Creating /Users/hassoncs/.ccache/8/0/stats.alive
[2026-02-09T16:27:22.845453 41810] Releasing /Users/hassoncs/.ccache/8/0/stats.lock
[2026-02-09T16:27:22.845540 41810] Released /Users/hassoncs/.ccache/8/0/stats.lock
[2026-02-09T16:27:22.845547 41810] Acquiring /Users/hassoncs/.ccache/8/1/stats.lock
[2026-02-09T16:27:22.845617 41810] Acquired /Users/hassoncs/.ccache/8/1/stats.lock
[2026-02-09T16:27:22.845624 41810] Creating /Users/hassoncs/.ccache/8/1/stats.alive
[2026-02-09T16:27:22.846137 41810] Releasing /Users/hassoncs/.ccache/8/1/stats.lock
[2026-02-09T16:27:22.846203 41810] Released /Users/hassoncs/.ccache/8/1/stats.lock
[2026-02-09T16:27:22.846210 41810] Acquiring /Users/hassoncs/.ccache/8/2/stats.lock
[2026-02-09T16:27:22.846266 41810] Acquired /Users/hassoncs/.ccache/8/2/stats.lock
[2026-02-09T16:27:22.846272 41810] Creating /Users/hassoncs/.ccache/8/2/stats.alive
[2026-02-09T16:27:22.847051 41810] Releasing /Users/hassoncs/.ccache/8/2/stats.lock
[2026-02-09T16:27:22.847212 41810] Released /Users/hassoncs/.ccache/8/2/stats.lock
[2026-02-09T16:27:22.847229 41810] Acquiring /Users/hassoncs/.ccache/8/3/stats.lock
[2026-02-09T16:27:22.847350 41810] Acquired /Users/hassoncs/.ccache/8/3/stats.lock
[2026-02-09T16:27:22.847364 41810] Creating /Users/hassoncs/.ccache/8/3/stats.alive
[2026-02-09T16:27:22.848015 41810] Releasing /Users/hassoncs/.ccache/8/3/stats.lock
[2026-02-09T16:27:22.848095 41810] Released /Users/hassoncs/.ccache/8/3/stats.lock
[2026-02-09T16:27:22.848103 41810] Acquiring /Users/hassoncs/.ccache/8/4/stats.lock
[2026-02-09T16:27:22.848166 41810] Acquired /Users/hassoncs/.ccache/8/4/stats.lock
[2026-02-09T16:27:22.848173 41810] Creating /Users/hassoncs/.ccache/8/4/stats.alive
[2026-02-09T16:27:22.848640 41810] Releasing /Users/hassoncs/.ccache/8/4/stats.lock
[2026-02-09T16:27:22.848712 41810] Released /Users/hassoncs/.ccache/8/4/stats.lock
[2026-02-09T16:27:22.848719 41810] Acquiring /Users/hassoncs/.ccache/8/5/stats.lock
[2026-02-09T16:27:22.848774 41810] Acquired /Users/hassoncs/.ccache/8/5/stats.lock
[2026-02-09T16:27:22.848780 41810] Creating /Users/hassoncs/.ccache/8/5/stats.alive
[2026-02-09T16:27:22.849101 41810] Releasing /Users/hassoncs/.ccache/8/5/stats.lock
[2026-02-09T16:27:22.849179 41810] Released /Users/hassoncs/.ccache/8/5/stats.lock
[2026-02-09T16:27:22.849186 41810] Acquiring /Users/hassoncs/.ccache/8/6/stats.lock
[2026-02-09T16:27:22.849320 41810] Acquired /Users/hassoncs/.ccache/8/6/stats.lock
[2026-02-09T16:27:22.849399 41810] Creating /Users/hassoncs/.ccache/8/6/stats.alive
[2026-02-09T16:27:22.849905 41810] Releasing /Users/hassoncs/.ccache/8/6/stats.lock
[2026-02-09T16:27:22.849980 41810] Released /Users/hassoncs/.ccache/8/6/stats.lock
[2026-02-09T16:27:22.849989 41810] Acquiring /Users/hassoncs/.ccache/8/7/stats.lock
[2026-02-09T16:27:22.850048 41810] Acquired /Users/hassoncs/.ccache/8/7/stats.lock
[2026-02-09T16:27:22.850054 41810] Creating /Users/hassoncs/.ccache/8/7/stats.alive
[2026-02-09T16:27:22.850342 41810] Releasing /Users/hassoncs/.ccache/8/7/stats.lock
[2026-02-09T16:27:22.850420 41810] Released /Users/hassoncs/.ccache/8/7/stats.lock
[2026-02-09T16:27:22.850469 41810] Acquiring /Users/hassoncs/.ccache/8/8/stats.lock
[2026-02-09T16:27:22.850670 41810] Acquired /Users/hassoncs/.ccache/8/8/stats.lock
[2026-02-09T16:27:22.850682 41810] Creating /Users/hassoncs/.ccache/8/8/stats.alive
[2026-02-09T16:27:22.851071 41810] Releasing /Users/hassoncs/.ccache/8/8/stats.lock
[2026-02-09T16:27:22.851141 41810] Released /Users/hassoncs/.ccache/8/8/stats.lock
[2026-02-09T16:27:22.851150 41810] Acquiring /Users/hassoncs/.ccache/8/9/stats.lock
[2026-02-09T16:27:22.851222 41810] Acquired /Users/hassoncs/.ccache/8/9/stats.lock
[2026-02-09T16:27:22.851228 41810] Creating /Users/hassoncs/.ccache/8/9/stats.alive
[2026-02-09T16:27:22.851524 41810] Releasing /Users/hassoncs/.ccache/8/9/stats.lock
[2026-02-09T16:27:22.851585 41810] Released /Users/hassoncs/.ccache/8/9/stats.lock
[2026-02-09T16:27:22.851592 41810] Acquiring /Users/hassoncs/.ccache/8/a/stats.lock
[2026-02-09T16:27:22.851645 41810] Acquired /Users/hassoncs/.ccache/8/a/stats.lock
[2026-02-09T16:27:22.851656 41810] Creating /Users/hassoncs/.ccache/8/a/stats.alive
[2026-02-09T16:27:22.852176 41810] Releasing /Users/hassoncs/.ccache/8/a/stats.lock
[2026-02-09T16:27:22.852249 41810] Released /Users/hassoncs/.ccache/8/a/stats.lock
[2026-02-09T16:27:22.852259 41810] Acquiring /Users/hassoncs/.ccache/8/b/stats.lock
[2026-02-09T16:27:22.852325 41810] Acquired /Users/hassoncs/.ccache/8/b/stats.lock
[2026-02-09T16:27:22.852332 41810] Creating /Users/hassoncs/.ccache/8/b/stats.alive
[2026-02-09T16:27:22.853044 41810] Releasing /Users/hassoncs/.ccache/8/b/stats.lock
[2026-02-09T16:27:22.853253 41810] Released /Users/hassoncs/.ccache/8/b/stats.lock
[2026-02-09T16:27:22.853266 41810] Acquiring /Users/hassoncs/.ccache/8/c/stats.lock
[2026-02-09T16:27:22.853335 41810] Acquired /Users/hassoncs/.ccache/8/c/stats.lock
[2026-02-09T16:27:22.853341 41810] Creating /Users/hassoncs/.ccache/8/c/stats.alive
[2026-02-09T16:27:22.853700 41810] Releasing /Users/hassoncs/.ccache/8/c/stats.lock
[2026-02-09T16:27:22.853779 41810] Released /Users/hassoncs/.ccache/8/c/stats.lock
[2026-02-09T16:27:22.853787 41810] Acquiring /Users/hassoncs/.ccache/8/d/stats.lock
[2026-02-09T16:27:22.853851 41810] Acquired /Users/hassoncs/.ccache/8/d/stats.lock
[2026-02-09T16:27:22.853858 41810] Creating /Users/hassoncs/.ccache/8/d/stats.alive
[2026-02-09T16:27:22.854188 41810] Releasing /Users/hassoncs/.ccache/8/d/stats.lock
[2026-02-09T16:27:22.854285 41810] Released /Users/hassoncs/.ccache/8/d/stats.lock
[2026-02-09T16:27:22.854292 41810] Acquiring /Users/hassoncs/.ccache/8/e/stats.lock
[2026-02-09T16:27:22.854360 41810] Acquired /Users/hassoncs/.ccache/8/e/stats.lock
[2026-02-09T16:27:22.854367 41810] Creating /Users/hassoncs/.ccache/8/e/stats.alive
[2026-02-09T16:27:22.854712 41810] Releasing /Users/hassoncs/.ccache/8/e/stats.lock
[2026-02-09T16:27:22.854787 41810] Released /Users/hassoncs/.ccache/8/e/stats.lock
[2026-02-09T16:27:22.854794 41810] Acquiring /Users/hassoncs/.ccache/8/f/stats.lock
[2026-02-09T16:27:22.854854 41810] Acquired /Users/hassoncs/.ccache/8/f/stats.lock
[2026-02-09T16:27:22.854860 41810] Creating /Users/hassoncs/.ccache/8/f/stats.alive
[2026-02-09T16:27:22.855369 41810] Releasing /Users/hassoncs/.ccache/8/f/stats.lock
[2026-02-09T16:27:22.855483 41810] Released /Users/hassoncs/.ccache/8/f/stats.lock
[2026-02-09T16:27:22.855493 41810] Acquiring /Users/hassoncs/.ccache/9/stats.lock
[2026-02-09T16:27:22.855573 41810] Acquired /Users/hassoncs/.ccache/9/stats.lock
[2026-02-09T16:27:22.855580 41810] Creating /Users/hassoncs/.ccache/9/stats.alive
[2026-02-09T16:27:22.855849 41810] Releasing /Users/hassoncs/.ccache/9/stats.lock
[2026-02-09T16:27:22.855930 41810] Released /Users/hassoncs/.ccache/9/stats.lock
[2026-02-09T16:27:22.855938 41810] Acquiring /Users/hassoncs/.ccache/9/0/stats.lock
[2026-02-09T16:27:22.855994 41810] Acquired /Users/hassoncs/.ccache/9/0/stats.lock
[2026-02-09T16:27:22.856000 41810] Creating /Users/hassoncs/.ccache/9/0/stats.alive
[2026-02-09T16:27:22.856291 41810] Releasing /Users/hassoncs/.ccache/9/0/stats.lock
[2026-02-09T16:27:22.856380 41810] Released /Users/hassoncs/.ccache/9/0/stats.lock
[2026-02-09T16:27:22.856386 41810] Acquiring /Users/hassoncs/.ccache/9/1/stats.lock
[2026-02-09T16:27:22.856444 41810] Acquired /Users/hassoncs/.ccache/9/1/stats.lock
[2026-02-09T16:27:22.856450 41810] Creating /Users/hassoncs/.ccache/9/1/stats.alive
[2026-02-09T16:27:22.856762 41810] Releasing /Users/hassoncs/.ccache/9/1/stats.lock
[2026-02-09T16:27:22.856837 41810] Released /Users/hassoncs/.ccache/9/1/stats.lock
[2026-02-09T16:27:22.856844 41810] Acquiring /Users/hassoncs/.ccache/9/2/stats.lock
[2026-02-09T16:27:22.856900 41810] Acquired /Users/hassoncs/.ccache/9/2/stats.lock
[2026-02-09T16:27:22.856905 41810] Creating /Users/hassoncs/.ccache/9/2/stats.alive
[2026-02-09T16:27:22.857373 41810] Releasing /Users/hassoncs/.ccache/9/2/stats.lock
[2026-02-09T16:27:22.857456 41810] Released /Users/hassoncs/.ccache/9/2/stats.lock
[2026-02-09T16:27:22.857464 41810] Acquiring /Users/hassoncs/.ccache/9/3/stats.lock
[2026-02-09T16:27:22.857543 41810] Acquired /Users/hassoncs/.ccache/9/3/stats.lock
[2026-02-09T16:27:22.857549 41810] Creating /Users/hassoncs/.ccache/9/3/stats.alive
[2026-02-09T16:27:22.857852 41810] Releasing /Users/hassoncs/.ccache/9/3/stats.lock
[2026-02-09T16:27:22.857931 41810] Released /Users/hassoncs/.ccache/9/3/stats.lock
[2026-02-09T16:27:22.857937 41810] Acquiring /Users/hassoncs/.ccache/9/4/stats.lock
[2026-02-09T16:27:22.857988 41810] Acquired /Users/hassoncs/.ccache/9/4/stats.lock
[2026-02-09T16:27:22.857993 41810] Creating /Users/hassoncs/.ccache/9/4/stats.alive
[2026-02-09T16:27:22.858247 41810] Releasing /Users/hassoncs/.ccache/9/4/stats.lock
[2026-02-09T16:27:22.858303 41810] Released /Users/hassoncs/.ccache/9/4/stats.lock
[2026-02-09T16:27:22.858309 41810] Acquiring /Users/hassoncs/.ccache/9/5/stats.lock
[2026-02-09T16:27:22.858356 41810] Acquired /Users/hassoncs/.ccache/9/5/stats.lock
[2026-02-09T16:27:22.858361 41810] Creating /Users/hassoncs/.ccache/9/5/stats.alive
[2026-02-09T16:27:22.858626 41810] Releasing /Users/hassoncs/.ccache/9/5/stats.lock
[2026-02-09T16:27:22.858680 41810] Released /Users/hassoncs/.ccache/9/5/stats.lock
[2026-02-09T16:27:22.858686 41810] Acquiring /Users/hassoncs/.ccache/9/6/stats.lock
[2026-02-09T16:27:22.858733 41810] Acquired /Users/hassoncs/.ccache/9/6/stats.lock
[2026-02-09T16:27:22.858738 41810] Creating /Users/hassoncs/.ccache/9/6/stats.alive
[2026-02-09T16:27:22.859020 41810] Releasing /Users/hassoncs/.ccache/9/6/stats.lock
[2026-02-09T16:27:22.859073 41810] Released /Users/hassoncs/.ccache/9/6/stats.lock
[2026-02-09T16:27:22.859078 41810] Acquiring /Users/hassoncs/.ccache/9/7/stats.lock
[2026-02-09T16:27:22.859131 41810] Acquired /Users/hassoncs/.ccache/9/7/stats.lock
[2026-02-09T16:27:22.859136 41810] Creating /Users/hassoncs/.ccache/9/7/stats.alive
[2026-02-09T16:27:22.859626 41810] Releasing /Users/hassoncs/.ccache/9/7/stats.lock
[2026-02-09T16:27:22.859771 41810] Released /Users/hassoncs/.ccache/9/7/stats.lock
[2026-02-09T16:27:22.859784 41810] Acquiring /Users/hassoncs/.ccache/9/8/stats.lock
[2026-02-09T16:27:22.859887 41810] Acquired /Users/hassoncs/.ccache/9/8/stats.lock
[2026-02-09T16:27:22.859897 41810] Creating /Users/hassoncs/.ccache/9/8/stats.alive
[2026-02-09T16:27:22.860320 41810] Releasing /Users/hassoncs/.ccache/9/8/stats.lock
[2026-02-09T16:27:22.860417 41810] Released /Users/hassoncs/.ccache/9/8/stats.lock
[2026-02-09T16:27:22.860425 41810] Acquiring /Users/hassoncs/.ccache/9/9/stats.lock
[2026-02-09T16:27:22.860486 41810] Acquired /Users/hassoncs/.ccache/9/9/stats.lock
[2026-02-09T16:27:22.860493 41810] Creating /Users/hassoncs/.ccache/9/9/stats.alive
[2026-02-09T16:27:22.860959 41810] Releasing /Users/hassoncs/.ccache/9/9/stats.lock
[2026-02-09T16:27:22.861031 41810] Released /Users/hassoncs/.ccache/9/9/stats.lock
[2026-02-09T16:27:22.861038 41810] Acquiring /Users/hassoncs/.ccache/9/a/stats.lock
[2026-02-09T16:27:22.861098 41810] Acquired /Users/hassoncs/.ccache/9/a/stats.lock
[2026-02-09T16:27:22.861105 41810] Creating /Users/hassoncs/.ccache/9/a/stats.alive
[2026-02-09T16:27:22.861585 41810] Releasing /Users/hassoncs/.ccache/9/a/stats.lock
[2026-02-09T16:27:22.861655 41810] Released /Users/hassoncs/.ccache/9/a/stats.lock
[2026-02-09T16:27:22.861662 41810] Acquiring /Users/hassoncs/.ccache/9/b/stats.lock
[2026-02-09T16:27:22.861721 41810] Acquired /Users/hassoncs/.ccache/9/b/stats.lock
[2026-02-09T16:27:22.861727 41810] Creating /Users/hassoncs/.ccache/9/b/stats.alive
[2026-02-09T16:27:22.862475 41810] Releasing /Users/hassoncs/.ccache/9/b/stats.lock
[2026-02-09T16:27:22.862597 41810] Released /Users/hassoncs/.ccache/9/b/stats.lock
[2026-02-09T16:27:22.862606 41810] Acquiring /Users/hassoncs/.ccache/9/c/stats.lock
[2026-02-09T16:27:22.862726 41810] Acquired /Users/hassoncs/.ccache/9/c/stats.lock
[2026-02-09T16:27:22.862742 41810] Creating /Users/hassoncs/.ccache/9/c/stats.alive
[2026-02-09T16:27:22.863323 41810] Releasing /Users/hassoncs/.ccache/9/c/stats.lock
[2026-02-09T16:27:22.864234 41810] Released /Users/hassoncs/.ccache/9/c/stats.lock
[2026-02-09T16:27:22.864256 41810] Acquiring /Users/hassoncs/.ccache/9/d/stats.lock
[2026-02-09T16:27:22.864332 41810] Acquired /Users/hassoncs/.ccache/9/d/stats.lock
[2026-02-09T16:27:22.864339 41810] Creating /Users/hassoncs/.ccache/9/d/stats.alive
[2026-02-09T16:27:22.865120 41810] Releasing /Users/hassoncs/.ccache/9/d/stats.lock
[2026-02-09T16:27:22.865218 41810] Released /Users/hassoncs/.ccache/9/d/stats.lock
[2026-02-09T16:27:22.865228 41810] Acquiring /Users/hassoncs/.ccache/9/e/stats.lock
[2026-02-09T16:27:22.865313 41810] Acquired /Users/hassoncs/.ccache/9/e/stats.lock
[2026-02-09T16:27:22.865347 41810] Creating /Users/hassoncs/.ccache/9/e/stats.alive
[2026-02-09T16:27:22.865759 41810] Releasing /Users/hassoncs/.ccache/9/e/stats.lock
[2026-02-09T16:27:22.865839 41810] Released /Users/hassoncs/.ccache/9/e/stats.lock
[2026-02-09T16:27:22.865847 41810] Acquiring /Users/hassoncs/.ccache/9/f/stats.lock
[2026-02-09T16:27:22.865907 41810] Acquired /Users/hassoncs/.ccache/9/f/stats.lock
[2026-02-09T16:27:22.865913 41810] Creating /Users/hassoncs/.ccache/9/f/stats.alive
[2026-02-09T16:27:22.866234 41810] Releasing /Users/hassoncs/.ccache/9/f/stats.lock
[2026-02-09T16:27:22.866321 41810] Released /Users/hassoncs/.ccache/9/f/stats.lock
[2026-02-09T16:27:22.866329 41810] Acquiring /Users/hassoncs/.ccache/a/stats.lock
[2026-02-09T16:27:22.866388 41810] Acquired /Users/hassoncs/.ccache/a/stats.lock
[2026-02-09T16:27:22.866393 41810] Creating /Users/hassoncs/.ccache/a/stats.alive
[2026-02-09T16:27:22.866743 41810] Releasing /Users/hassoncs/.ccache/a/stats.lock
[2026-02-09T16:27:22.866824 41810] Released /Users/hassoncs/.ccache/a/stats.lock
[2026-02-09T16:27:22.866833 41810] Acquiring /Users/hassoncs/.ccache/a/0/stats.lock
[2026-02-09T16:27:22.866897 41810] Acquired /Users/hassoncs/.ccache/a/0/stats.lock
[2026-02-09T16:27:22.866903 41810] Creating /Users/hassoncs/.ccache/a/0/stats.alive
[2026-02-09T16:27:22.867396 41810] Releasing /Users/hassoncs/.ccache/a/0/stats.lock
[2026-02-09T16:27:22.867472 41810] Released /Users/hassoncs/.ccache/a/0/stats.lock
[2026-02-09T16:27:22.867480 41810] Acquiring /Users/hassoncs/.ccache/a/1/stats.lock
[2026-02-09T16:27:22.867549 41810] Acquired /Users/hassoncs/.ccache/a/1/stats.lock
[2026-02-09T16:27:22.867556 41810] Creating /Users/hassoncs/.ccache/a/1/stats.alive
[2026-02-09T16:27:22.867887 41810] Releasing /Users/hassoncs/.ccache/a/1/stats.lock
[2026-02-09T16:27:22.867954 41810] Released /Users/hassoncs/.ccache/a/1/stats.lock
[2026-02-09T16:27:22.867961 41810] Acquiring /Users/hassoncs/.ccache/a/2/stats.lock
[2026-02-09T16:27:22.868016 41810] Acquired /Users/hassoncs/.ccache/a/2/stats.lock
[2026-02-09T16:27:22.868022 41810] Creating /Users/hassoncs/.ccache/a/2/stats.alive
[2026-02-09T16:27:22.868787 41810] Releasing /Users/hassoncs/.ccache/a/2/stats.lock
[2026-02-09T16:27:22.868956 41810] Released /Users/hassoncs/.ccache/a/2/stats.lock
[2026-02-09T16:27:22.868973 41810] Acquiring /Users/hassoncs/.ccache/a/3/stats.lock
[2026-02-09T16:27:22.869108 41810] Acquired /Users/hassoncs/.ccache/a/3/stats.lock
[2026-02-09T16:27:22.869120 41810] Creating /Users/hassoncs/.ccache/a/3/stats.alive
[2026-02-09T16:27:22.869731 41810] Releasing /Users/hassoncs/.ccache/a/3/stats.lock
[2026-02-09T16:27:22.869910 41810] Released /Users/hassoncs/.ccache/a/3/stats.lock
[2026-02-09T16:27:22.869932 41810] Acquiring /Users/hassoncs/.ccache/a/4/stats.lock
[2026-02-09T16:27:22.870098 41810] Acquired /Users/hassoncs/.ccache/a/4/stats.lock
[2026-02-09T16:27:22.870115 41810] Creating /Users/hassoncs/.ccache/a/4/stats.alive
[2026-02-09T16:27:22.870593 41810] Releasing /Users/hassoncs/.ccache/a/4/stats.lock
[2026-02-09T16:27:22.870692 41810] Released /Users/hassoncs/.ccache/a/4/stats.lock
[2026-02-09T16:27:22.870701 41810] Acquiring /Users/hassoncs/.ccache/a/5/stats.lock
[2026-02-09T16:27:22.870770 41810] Acquired /Users/hassoncs/.ccache/a/5/stats.lock
[2026-02-09T16:27:22.870779 41810] Creating /Users/hassoncs/.ccache/a/5/stats.alive
[2026-02-09T16:27:22.871139 41810] Releasing /Users/hassoncs/.ccache/a/5/stats.lock
[2026-02-09T16:27:22.871211 41810] Released /Users/hassoncs/.ccache/a/5/stats.lock
[2026-02-09T16:27:22.871218 41810] Acquiring /Users/hassoncs/.ccache/a/6/stats.lock
[2026-02-09T16:27:22.871273 41810] Acquired /Users/hassoncs/.ccache/a/6/stats.lock
[2026-02-09T16:27:22.871279 41810] Creating /Users/hassoncs/.ccache/a/6/stats.alive
[2026-02-09T16:27:22.871613 41810] Releasing /Users/hassoncs/.ccache/a/6/stats.lock
[2026-02-09T16:27:22.871720 41810] Released /Users/hassoncs/.ccache/a/6/stats.lock
[2026-02-09T16:27:22.871731 41810] Acquiring /Users/hassoncs/.ccache/a/7/stats.lock
[2026-02-09T16:27:22.871810 41810] Acquired /Users/hassoncs/.ccache/a/7/stats.lock
[2026-02-09T16:27:22.871818 41810] Creating /Users/hassoncs/.ccache/a/7/stats.alive
[2026-02-09T16:27:22.872217 41810] Releasing /Users/hassoncs/.ccache/a/7/stats.lock
[2026-02-09T16:27:22.872298 41810] Released /Users/hassoncs/.ccache/a/7/stats.lock
[2026-02-09T16:27:22.872307 41810] Acquiring /Users/hassoncs/.ccache/a/8/stats.lock
[2026-02-09T16:27:22.872380 41810] Acquired /Users/hassoncs/.ccache/a/8/stats.lock
[2026-02-09T16:27:22.872388 41810] Creating /Users/hassoncs/.ccache/a/8/stats.alive
[2026-02-09T16:27:22.872706 41810] Releasing /Users/hassoncs/.ccache/a/8/stats.lock
[2026-02-09T16:27:22.872775 41810] Released /Users/hassoncs/.ccache/a/8/stats.lock
[2026-02-09T16:27:22.872781 41810] Acquiring /Users/hassoncs/.ccache/a/9/stats.lock
[2026-02-09T16:27:22.872837 41810] Acquired /Users/hassoncs/.ccache/a/9/stats.lock
[2026-02-09T16:27:22.872843 41810] Creating /Users/hassoncs/.ccache/a/9/stats.alive
[2026-02-09T16:27:22.873153 41810] Releasing /Users/hassoncs/.ccache/a/9/stats.lock
[2026-02-09T16:27:22.873235 41810] Released /Users/hassoncs/.ccache/a/9/stats.lock
[2026-02-09T16:27:22.873242 41810] Acquiring /Users/hassoncs/.ccache/a/a/stats.lock
[2026-02-09T16:27:22.873301 41810] Acquired /Users/hassoncs/.ccache/a/a/stats.lock
[2026-02-09T16:27:22.873308 41810] Creating /Users/hassoncs/.ccache/a/a/stats.alive
[2026-02-09T16:27:22.873618 41810] Releasing /Users/hassoncs/.ccache/a/a/stats.lock
[2026-02-09T16:27:22.873680 41810] Released /Users/hassoncs/.ccache/a/a/stats.lock
[2026-02-09T16:27:22.873687 41810] Acquiring /Users/hassoncs/.ccache/a/b/stats.lock
[2026-02-09T16:27:22.873742 41810] Acquired /Users/hassoncs/.ccache/a/b/stats.lock
[2026-02-09T16:27:22.873748 41810] Creating /Users/hassoncs/.ccache/a/b/stats.alive
[2026-02-09T16:27:22.874348 41810] Releasing /Users/hassoncs/.ccache/a/b/stats.lock
[2026-02-09T16:27:22.874427 41810] Released /Users/hassoncs/.ccache/a/b/stats.lock
[2026-02-09T16:27:22.874435 41810] Acquiring /Users/hassoncs/.ccache/a/c/stats.lock
[2026-02-09T16:27:22.874499 41810] Acquired /Users/hassoncs/.ccache/a/c/stats.lock
[2026-02-09T16:27:22.874506 41810] Creating /Users/hassoncs/.ccache/a/c/stats.alive
[2026-02-09T16:27:22.874843 41810] Releasing /Users/hassoncs/.ccache/a/c/stats.lock
[2026-02-09T16:27:22.874923 41810] Released /Users/hassoncs/.ccache/a/c/stats.lock
[2026-02-09T16:27:22.874930 41810] Acquiring /Users/hassoncs/.ccache/a/d/stats.lock
[2026-02-09T16:27:22.874982 41810] Acquired /Users/hassoncs/.ccache/a/d/stats.lock
[2026-02-09T16:27:22.874987 41810] Creating /Users/hassoncs/.ccache/a/d/stats.alive
[2026-02-09T16:27:22.875314 41810] Releasing /Users/hassoncs/.ccache/a/d/stats.lock
[2026-02-09T16:27:22.875389 41810] Released /Users/hassoncs/.ccache/a/d/stats.lock
[2026-02-09T16:27:22.875397 41810] Acquiring /Users/hassoncs/.ccache/a/e/stats.lock
[2026-02-09T16:27:22.875462 41810] Acquired /Users/hassoncs/.ccache/a/e/stats.lock
[2026-02-09T16:27:22.875470 41810] Creating /Users/hassoncs/.ccache/a/e/stats.alive
[2026-02-09T16:27:22.876134 41810] Releasing /Users/hassoncs/.ccache/a/e/stats.lock
[2026-02-09T16:27:22.876232 41810] Released /Users/hassoncs/.ccache/a/e/stats.lock
[2026-02-09T16:27:22.876242 41810] Acquiring /Users/hassoncs/.ccache/a/f/stats.lock
[2026-02-09T16:27:22.876313 41810] Acquired /Users/hassoncs/.ccache/a/f/stats.lock
[2026-02-09T16:27:22.876320 41810] Creating /Users/hassoncs/.ccache/a/f/stats.alive
[2026-02-09T16:27:22.876667 41810] Releasing /Users/hassoncs/.ccache/a/f/stats.lock
[2026-02-09T16:27:22.876747 41810] Released /Users/hassoncs/.ccache/a/f/stats.lock
[2026-02-09T16:27:22.876756 41810] Acquiring /Users/hassoncs/.ccache/b/stats.lock
[2026-02-09T16:27:22.876827 41810] Acquired /Users/hassoncs/.ccache/b/stats.lock
[2026-02-09T16:27:22.876834 41810] Creating /Users/hassoncs/.ccache/b/stats.alive
[2026-02-09T16:27:22.877113 41810] Releasing /Users/hassoncs/.ccache/b/stats.lock
[2026-02-09T16:27:22.877190 41810] Released /Users/hassoncs/.ccache/b/stats.lock
[2026-02-09T16:27:22.877197 41810] Acquiring /Users/hassoncs/.ccache/b/0/stats.lock
[2026-02-09T16:27:22.877258 41810] Acquired /Users/hassoncs/.ccache/b/0/stats.lock
[2026-02-09T16:27:22.877265 41810] Creating /Users/hassoncs/.ccache/b/0/stats.alive
[2026-02-09T16:27:22.877594 41810] Releasing /Users/hassoncs/.ccache/b/0/stats.lock
[2026-02-09T16:27:22.877674 41810] Released /Users/hassoncs/.ccache/b/0/stats.lock
[2026-02-09T16:27:22.877681 41810] Acquiring /Users/hassoncs/.ccache/b/1/stats.lock
[2026-02-09T16:27:22.877751 41810] Acquired /Users/hassoncs/.ccache/b/1/stats.lock
[2026-02-09T16:27:22.877758 41810] Creating /Users/hassoncs/.ccache/b/1/stats.alive
[2026-02-09T16:27:22.878048 41810] Releasing /Users/hassoncs/.ccache/b/1/stats.lock
[2026-02-09T16:27:22.878118 41810] Released /Users/hassoncs/.ccache/b/1/stats.lock
[2026-02-09T16:27:22.878125 41810] Acquiring /Users/hassoncs/.ccache/b/2/stats.lock
[2026-02-09T16:27:22.878178 41810] Acquired /Users/hassoncs/.ccache/b/2/stats.lock
[2026-02-09T16:27:22.878184 41810] Creating /Users/hassoncs/.ccache/b/2/stats.alive
[2026-02-09T16:27:22.878886 41810] Releasing /Users/hassoncs/.ccache/b/2/stats.lock
[2026-02-09T16:27:22.878967 41810] Released /Users/hassoncs/.ccache/b/2/stats.lock
[2026-02-09T16:27:22.878976 41810] Acquiring /Users/hassoncs/.ccache/b/3/stats.lock
[2026-02-09T16:27:22.879044 41810] Acquired /Users/hassoncs/.ccache/b/3/stats.lock
[2026-02-09T16:27:22.879051 41810] Creating /Users/hassoncs/.ccache/b/3/stats.alive
[2026-02-09T16:27:22.879385 41810] Releasing /Users/hassoncs/.ccache/b/3/stats.lock
[2026-02-09T16:27:22.879452 41810] Released /Users/hassoncs/.ccache/b/3/stats.lock
[2026-02-09T16:27:22.879460 41810] Acquiring /Users/hassoncs/.ccache/b/4/stats.lock
[2026-02-09T16:27:22.879523 41810] Acquired /Users/hassoncs/.ccache/b/4/stats.lock
[2026-02-09T16:27:22.879529 41810] Creating /Users/hassoncs/.ccache/b/4/stats.alive
[2026-02-09T16:27:22.879845 41810] Releasing /Users/hassoncs/.ccache/b/4/stats.lock
[2026-02-09T16:27:22.879933 41810] Released /Users/hassoncs/.ccache/b/4/stats.lock
[2026-02-09T16:27:22.879940 41810] Acquiring /Users/hassoncs/.ccache/b/5/stats.lock
[2026-02-09T16:27:22.879994 41810] Acquired /Users/hassoncs/.ccache/b/5/stats.lock
[2026-02-09T16:27:22.880000 41810] Creating /Users/hassoncs/.ccache/b/5/stats.alive
[2026-02-09T16:27:22.880293 41810] Releasing /Users/hassoncs/.ccache/b/5/stats.lock
[2026-02-09T16:27:22.880357 41810] Released /Users/hassoncs/.ccache/b/5/stats.lock
[2026-02-09T16:27:22.880363 41810] Acquiring /Users/hassoncs/.ccache/b/6/stats.lock
[2026-02-09T16:27:22.880414 41810] Acquired /Users/hassoncs/.ccache/b/6/stats.lock
[2026-02-09T16:27:22.880420 41810] Creating /Users/hassoncs/.ccache/b/6/stats.alive
[2026-02-09T16:27:22.880924 41810] Releasing /Users/hassoncs/.ccache/b/6/stats.lock
[2026-02-09T16:27:22.881011 41810] Released /Users/hassoncs/.ccache/b/6/stats.lock
[2026-02-09T16:27:22.881021 41810] Acquiring /Users/hassoncs/.ccache/b/7/stats.lock
[2026-02-09T16:27:22.881089 41810] Acquired /Users/hassoncs/.ccache/b/7/stats.lock
[2026-02-09T16:27:22.881097 41810] Creating /Users/hassoncs/.ccache/b/7/stats.alive
[2026-02-09T16:27:22.881440 41810] Releasing /Users/hassoncs/.ccache/b/7/stats.lock
[2026-02-09T16:27:22.881523 41810] Released /Users/hassoncs/.ccache/b/7/stats.lock
[2026-02-09T16:27:22.881531 41810] Acquiring /Users/hassoncs/.ccache/b/8/stats.lock
[2026-02-09T16:27:22.881592 41810] Acquired /Users/hassoncs/.ccache/b/8/stats.lock
[2026-02-09T16:27:22.881601 41810] Creating /Users/hassoncs/.ccache/b/8/stats.alive
[2026-02-09T16:27:22.881926 41810] Releasing /Users/hassoncs/.ccache/b/8/stats.lock
[2026-02-09T16:27:22.881992 41810] Released /Users/hassoncs/.ccache/b/8/stats.lock
[2026-02-09T16:27:22.881999 41810] Acquiring /Users/hassoncs/.ccache/b/9/stats.lock
[2026-02-09T16:27:22.882051 41810] Acquired /Users/hassoncs/.ccache/b/9/stats.lock
[2026-02-09T16:27:22.882057 41810] Creating /Users/hassoncs/.ccache/b/9/stats.alive
[2026-02-09T16:27:22.882491 41810] Releasing /Users/hassoncs/.ccache/b/9/stats.lock
[2026-02-09T16:27:22.882554 41810] Released /Users/hassoncs/.ccache/b/9/stats.lock
[2026-02-09T16:27:22.882560 41810] Acquiring /Users/hassoncs/.ccache/b/a/stats.lock
[2026-02-09T16:27:22.882624 41810] Acquired /Users/hassoncs/.ccache/b/a/stats.lock
[2026-02-09T16:27:22.882630 41810] Creating /Users/hassoncs/.ccache/b/a/stats.alive
[2026-02-09T16:27:22.882928 41810] Releasing /Users/hassoncs/.ccache/b/a/stats.lock
[2026-02-09T16:27:22.882997 41810] Released /Users/hassoncs/.ccache/b/a/stats.lock
[2026-02-09T16:27:22.883004 41810] Acquiring /Users/hassoncs/.ccache/b/b/stats.lock
[2026-02-09T16:27:22.883062 41810] Acquired /Users/hassoncs/.ccache/b/b/stats.lock
[2026-02-09T16:27:22.883067 41810] Creating /Users/hassoncs/.ccache/b/b/stats.alive
[2026-02-09T16:27:22.883385 41810] Releasing /Users/hassoncs/.ccache/b/b/stats.lock
[2026-02-09T16:27:22.883449 41810] Released /Users/hassoncs/.ccache/b/b/stats.lock
[2026-02-09T16:27:22.883456 41810] Acquiring /Users/hassoncs/.ccache/b/c/stats.lock
[2026-02-09T16:27:22.883513 41810] Acquired /Users/hassoncs/.ccache/b/c/stats.lock
[2026-02-09T16:27:22.883518 41810] Creating /Users/hassoncs/.ccache/b/c/stats.alive
[2026-02-09T16:27:22.883834 41810] Releasing /Users/hassoncs/.ccache/b/c/stats.lock
[2026-02-09T16:27:22.883896 41810] Released /Users/hassoncs/.ccache/b/c/stats.lock
[2026-02-09T16:27:22.883903 41810] Acquiring /Users/hassoncs/.ccache/b/d/stats.lock
[2026-02-09T16:27:22.884372 41810] Acquired /Users/hassoncs/.ccache/b/d/stats.lock
[2026-02-09T16:27:22.884380 41810] Creating /Users/hassoncs/.ccache/b/d/stats.alive
[2026-02-09T16:27:22.884659 41810] Releasing /Users/hassoncs/.ccache/b/d/stats.lock
[2026-02-09T16:27:22.884719 41810] Released /Users/hassoncs/.ccache/b/d/stats.lock
[2026-02-09T16:27:22.884726 41810] Acquiring /Users/hassoncs/.ccache/b/e/stats.lock
[2026-02-09T16:27:22.884778 41810] Acquired /Users/hassoncs/.ccache/b/e/stats.lock
[2026-02-09T16:27:22.884783 41810] Creating /Users/hassoncs/.ccache/b/e/stats.alive
[2026-02-09T16:27:22.885053 41810] Releasing /Users/hassoncs/.ccache/b/e/stats.lock
[2026-02-09T16:27:22.885106 41810] Released /Users/hassoncs/.ccache/b/e/stats.lock
[2026-02-09T16:27:22.885111 41810] Acquiring /Users/hassoncs/.ccache/b/f/stats.lock
[2026-02-09T16:27:22.885159 41810] Acquired /Users/hassoncs/.ccache/b/f/stats.lock
[2026-02-09T16:27:22.885164 41810] Creating /Users/hassoncs/.ccache/b/f/stats.alive
[2026-02-09T16:27:22.885426 41810] Releasing /Users/hassoncs/.ccache/b/f/stats.lock
[2026-02-09T16:27:22.885478 41810] Released /Users/hassoncs/.ccache/b/f/stats.lock
[2026-02-09T16:27:22.885484 41810] Acquiring /Users/hassoncs/.ccache/c/stats.lock
[2026-02-09T16:27:22.885532 41810] Acquired /Users/hassoncs/.ccache/c/stats.lock
[2026-02-09T16:27:22.885537 41810] Creating /Users/hassoncs/.ccache/c/stats.alive
[2026-02-09T16:27:22.885731 41810] Releasing /Users/hassoncs/.ccache/c/stats.lock
[2026-02-09T16:27:22.885799 41810] Released /Users/hassoncs/.ccache/c/stats.lock
[2026-02-09T16:27:22.885805 41810] Acquiring /Users/hassoncs/.ccache/c/0/stats.lock
[2026-02-09T16:27:22.885860 41810] Acquired /Users/hassoncs/.ccache/c/0/stats.lock
[2026-02-09T16:27:22.885865 41810] Creating /Users/hassoncs/.ccache/c/0/stats.alive
[2026-02-09T16:27:22.886161 41810] Releasing /Users/hassoncs/.ccache/c/0/stats.lock
[2026-02-09T16:27:22.886222 41810] Released /Users/hassoncs/.ccache/c/0/stats.lock
[2026-02-09T16:27:22.886228 41810] Acquiring /Users/hassoncs/.ccache/c/1/stats.lock
[2026-02-09T16:27:22.886276 41810] Acquired /Users/hassoncs/.ccache/c/1/stats.lock
[2026-02-09T16:27:22.886281 41810] Creating /Users/hassoncs/.ccache/c/1/stats.alive
[2026-02-09T16:27:22.886541 41810] Releasing /Users/hassoncs/.ccache/c/1/stats.lock
[2026-02-09T16:27:22.886600 41810] Released /Users/hassoncs/.ccache/c/1/stats.lock
[2026-02-09T16:27:22.886606 41810] Acquiring /Users/hassoncs/.ccache/c/2/stats.lock
[2026-02-09T16:27:22.886668 41810] Acquired /Users/hassoncs/.ccache/c/2/stats.lock
[2026-02-09T16:27:22.886674 41810] Creating /Users/hassoncs/.ccache/c/2/stats.alive
[2026-02-09T16:27:22.886948 41810] Releasing /Users/hassoncs/.ccache/c/2/stats.lock
[2026-02-09T16:27:22.887004 41810] Released /Users/hassoncs/.ccache/c/2/stats.lock
[2026-02-09T16:27:22.887010 41810] Acquiring /Users/hassoncs/.ccache/c/3/stats.lock
[2026-02-09T16:27:22.887060 41810] Acquired /Users/hassoncs/.ccache/c/3/stats.lock
[2026-02-09T16:27:22.887066 41810] Creating /Users/hassoncs/.ccache/c/3/stats.alive
[2026-02-09T16:27:22.887369 41810] Releasing /Users/hassoncs/.ccache/c/3/stats.lock
[2026-02-09T16:27:22.887434 41810] Released /Users/hassoncs/.ccache/c/3/stats.lock
[2026-02-09T16:27:22.887440 41810] Acquiring /Users/hassoncs/.ccache/c/4/stats.lock
[2026-02-09T16:27:22.887492 41810] Acquired /Users/hassoncs/.ccache/c/4/stats.lock
[2026-02-09T16:27:22.887551 41810] Creating /Users/hassoncs/.ccache/c/4/stats.alive
[2026-02-09T16:27:22.887948 41810] Releasing /Users/hassoncs/.ccache/c/4/stats.lock
[2026-02-09T16:27:22.888021 41810] Released /Users/hassoncs/.ccache/c/4/stats.lock
[2026-02-09T16:27:22.888030 41810] Acquiring /Users/hassoncs/.ccache/c/5/stats.lock
[2026-02-09T16:27:22.888250 41810] Acquired /Users/hassoncs/.ccache/c/5/stats.lock
[2026-02-09T16:27:22.888257 41810] Creating /Users/hassoncs/.ccache/c/5/stats.alive
[2026-02-09T16:27:22.888598 41810] Releasing /Users/hassoncs/.ccache/c/5/stats.lock
[2026-02-09T16:27:22.888674 41810] Released /Users/hassoncs/.ccache/c/5/stats.lock
[2026-02-09T16:27:22.888682 41810] Acquiring /Users/hassoncs/.ccache/c/6/stats.lock
[2026-02-09T16:27:22.888746 41810] Acquired /Users/hassoncs/.ccache/c/6/stats.lock
[2026-02-09T16:27:22.888752 41810] Creating /Users/hassoncs/.ccache/c/6/stats.alive
[2026-02-09T16:27:22.889117 41810] Releasing /Users/hassoncs/.ccache/c/6/stats.lock
[2026-02-09T16:27:22.889193 41810] Released /Users/hassoncs/.ccache/c/6/stats.lock
[2026-02-09T16:27:22.889219 41810] Acquiring /Users/hassoncs/.ccache/c/7/stats.lock
[2026-02-09T16:27:22.889277 41810] Acquired /Users/hassoncs/.ccache/c/7/stats.lock
[2026-02-09T16:27:22.889283 41810] Creating /Users/hassoncs/.ccache/c/7/stats.alive
[2026-02-09T16:27:22.889812 41810] Releasing /Users/hassoncs/.ccache/c/7/stats.lock
[2026-02-09T16:27:22.889903 41810] Released /Users/hassoncs/.ccache/c/7/stats.lock
[2026-02-09T16:27:22.889912 41810] Acquiring /Users/hassoncs/.ccache/c/8/stats.lock
[2026-02-09T16:27:22.889978 41810] Acquired /Users/hassoncs/.ccache/c/8/stats.lock
[2026-02-09T16:27:22.889986 41810] Creating /Users/hassoncs/.ccache/c/8/stats.alive
[2026-02-09T16:27:22.890304 41810] Releasing /Users/hassoncs/.ccache/c/8/stats.lock
[2026-02-09T16:27:22.890374 41810] Released /Users/hassoncs/.ccache/c/8/stats.lock
[2026-02-09T16:27:22.890381 41810] Acquiring /Users/hassoncs/.ccache/c/9/stats.lock
[2026-02-09T16:27:22.890432 41810] Acquired /Users/hassoncs/.ccache/c/9/stats.lock
[2026-02-09T16:27:22.890437 41810] Creating /Users/hassoncs/.ccache/c/9/stats.alive
[2026-02-09T16:27:22.890718 41810] Releasing /Users/hassoncs/.ccache/c/9/stats.lock
[2026-02-09T16:27:22.890796 41810] Released /Users/hassoncs/.ccache/c/9/stats.lock
[2026-02-09T16:27:22.890804 41810] Acquiring /Users/hassoncs/.ccache/c/a/stats.lock
[2026-02-09T16:27:22.890871 41810] Acquired /Users/hassoncs/.ccache/c/a/stats.lock
[2026-02-09T16:27:22.890878 41810] Creating /Users/hassoncs/.ccache/c/a/stats.alive
[2026-02-09T16:27:22.891433 41810] Releasing /Users/hassoncs/.ccache/c/a/stats.lock
[2026-02-09T16:27:22.891695 41810] Released /Users/hassoncs/.ccache/c/a/stats.lock
[2026-02-09T16:27:22.891727 41810] Acquiring /Users/hassoncs/.ccache/c/b/stats.lock
[2026-02-09T16:27:22.891806 41810] Acquired /Users/hassoncs/.ccache/c/b/stats.lock
[2026-02-09T16:27:22.891812 41810] Creating /Users/hassoncs/.ccache/c/b/stats.alive
[2026-02-09T16:27:22.892251 41810] Releasing /Users/hassoncs/.ccache/c/b/stats.lock
[2026-02-09T16:27:22.892561 41810] Released /Users/hassoncs/.ccache/c/b/stats.lock
[2026-02-09T16:27:22.892600 41810] Acquiring /Users/hassoncs/.ccache/c/c/stats.lock
[2026-02-09T16:27:22.892903 41810] Acquired /Users/hassoncs/.ccache/c/c/stats.lock
[2026-02-09T16:27:22.892923 41810] Creating /Users/hassoncs/.ccache/c/c/stats.alive
[2026-02-09T16:27:22.893386 41810] Releasing /Users/hassoncs/.ccache/c/c/stats.lock
[2026-02-09T16:27:22.893466 41810] Released /Users/hassoncs/.ccache/c/c/stats.lock
[2026-02-09T16:27:22.893477 41810] Acquiring /Users/hassoncs/.ccache/c/d/stats.lock
[2026-02-09T16:27:22.893543 41810] Acquired /Users/hassoncs/.ccache/c/d/stats.lock
[2026-02-09T16:27:22.893550 41810] Creating /Users/hassoncs/.ccache/c/d/stats.alive
[2026-02-09T16:27:22.893908 41810] Releasing /Users/hassoncs/.ccache/c/d/stats.lock
[2026-02-09T16:27:22.893976 41810] Released /Users/hassoncs/.ccache/c/d/stats.lock
[2026-02-09T16:27:22.893984 41810] Acquiring /Users/hassoncs/.ccache/c/e/stats.lock
[2026-02-09T16:27:22.894053 41810] Acquired /Users/hassoncs/.ccache/c/e/stats.lock
[2026-02-09T16:27:22.894059 41810] Creating /Users/hassoncs/.ccache/c/e/stats.alive
[2026-02-09T16:27:22.894442 41810] Releasing /Users/hassoncs/.ccache/c/e/stats.lock
[2026-02-09T16:27:22.894546 41810] Released /Users/hassoncs/.ccache/c/e/stats.lock
[2026-02-09T16:27:22.894554 41810] Acquiring /Users/hassoncs/.ccache/c/f/stats.lock
[2026-02-09T16:27:22.894643 41810] Acquired /Users/hassoncs/.ccache/c/f/stats.lock
[2026-02-09T16:27:22.894651 41810] Creating /Users/hassoncs/.ccache/c/f/stats.alive
[2026-02-09T16:27:22.895127 41810] Releasing /Users/hassoncs/.ccache/c/f/stats.lock
[2026-02-09T16:27:22.895240 41810] Released /Users/hassoncs/.ccache/c/f/stats.lock
[2026-02-09T16:27:22.895254 41810] Acquiring /Users/hassoncs/.ccache/d/stats.lock
[2026-02-09T16:27:22.895352 41810] Acquired /Users/hassoncs/.ccache/d/stats.lock
[2026-02-09T16:27:22.895360 41810] Creating /Users/hassoncs/.ccache/d/stats.alive
[2026-02-09T16:27:22.895653 41810] Releasing /Users/hassoncs/.ccache/d/stats.lock
[2026-02-09T16:27:22.895736 41810] Released /Users/hassoncs/.ccache/d/stats.lock
[2026-02-09T16:27:22.895744 41810] Acquiring /Users/hassoncs/.ccache/d/0/stats.lock
[2026-02-09T16:27:22.895798 41810] Acquired /Users/hassoncs/.ccache/d/0/stats.lock
[2026-02-09T16:27:22.895804 41810] Creating /Users/hassoncs/.ccache/d/0/stats.alive
[2026-02-09T16:27:22.896470 41810] Releasing /Users/hassoncs/.ccache/d/0/stats.lock
[2026-02-09T16:27:22.896576 41810] Released /Users/hassoncs/.ccache/d/0/stats.lock
[2026-02-09T16:27:22.896589 41810] Acquiring /Users/hassoncs/.ccache/d/1/stats.lock
[2026-02-09T16:27:22.896678 41810] Acquired /Users/hassoncs/.ccache/d/1/stats.lock
[2026-02-09T16:27:22.896687 41810] Creating /Users/hassoncs/.ccache/d/1/stats.alive
[2026-02-09T16:27:22.897344 41810] Releasing /Users/hassoncs/.ccache/d/1/stats.lock
[2026-02-09T16:27:22.897441 41810] Released /Users/hassoncs/.ccache/d/1/stats.lock
[2026-02-09T16:27:22.897451 41810] Acquiring /Users/hassoncs/.ccache/d/2/stats.lock
[2026-02-09T16:27:22.897560 41810] Acquired /Users/hassoncs/.ccache/d/2/stats.lock
[2026-02-09T16:27:22.897574 41810] Creating /Users/hassoncs/.ccache/d/2/stats.alive
[2026-02-09T16:27:22.898006 41810] Releasing /Users/hassoncs/.ccache/d/2/stats.lock
[2026-02-09T16:27:22.898081 41810] Released /Users/hassoncs/.ccache/d/2/stats.lock
[2026-02-09T16:27:22.898091 41810] Acquiring /Users/hassoncs/.ccache/d/3/stats.lock
[2026-02-09T16:27:22.898161 41810] Acquired /Users/hassoncs/.ccache/d/3/stats.lock
[2026-02-09T16:27:22.898168 41810] Creating /Users/hassoncs/.ccache/d/3/stats.alive
[2026-02-09T16:27:22.898491 41810] Releasing /Users/hassoncs/.ccache/d/3/stats.lock
[2026-02-09T16:27:22.898558 41810] Released /Users/hassoncs/.ccache/d/3/stats.lock
[2026-02-09T16:27:22.898565 41810] Acquiring /Users/hassoncs/.ccache/d/4/stats.lock
[2026-02-09T16:27:22.898621 41810] Acquired /Users/hassoncs/.ccache/d/4/stats.lock
[2026-02-09T16:27:22.898627 41810] Creating /Users/hassoncs/.ccache/d/4/stats.alive
[2026-02-09T16:27:22.898953 41810] Releasing /Users/hassoncs/.ccache/d/4/stats.lock
[2026-02-09T16:27:22.899017 41810] Released /Users/hassoncs/.ccache/d/4/stats.lock
[2026-02-09T16:27:22.899024 41810] Acquiring /Users/hassoncs/.ccache/d/5/stats.lock
[2026-02-09T16:27:22.899078 41810] Acquired /Users/hassoncs/.ccache/d/5/stats.lock
[2026-02-09T16:27:22.899084 41810] Creating /Users/hassoncs/.ccache/d/5/stats.alive
[2026-02-09T16:27:22.899382 41810] Releasing /Users/hassoncs/.ccache/d/5/stats.lock
[2026-02-09T16:27:22.899448 41810] Released /Users/hassoncs/.ccache/d/5/stats.lock
[2026-02-09T16:27:22.899456 41810] Acquiring /Users/hassoncs/.ccache/d/6/stats.lock
[2026-02-09T16:27:22.899519 41810] Acquired /Users/hassoncs/.ccache/d/6/stats.lock
[2026-02-09T16:27:22.899526 41810] Creating /Users/hassoncs/.ccache/d/6/stats.alive
[2026-02-09T16:27:22.899871 41810] Releasing /Users/hassoncs/.ccache/d/6/stats.lock
[2026-02-09T16:27:22.899955 41810] Released /Users/hassoncs/.ccache/d/6/stats.lock
[2026-02-09T16:27:22.899962 41810] Acquiring /Users/hassoncs/.ccache/d/7/stats.lock
[2026-02-09T16:27:22.900019 41810] Acquired /Users/hassoncs/.ccache/d/7/stats.lock
[2026-02-09T16:27:22.900025 41810] Creating /Users/hassoncs/.ccache/d/7/stats.alive
[2026-02-09T16:27:22.900482 41810] Releasing /Users/hassoncs/.ccache/d/7/stats.lock
[2026-02-09T16:27:22.900565 41810] Released /Users/hassoncs/.ccache/d/7/stats.lock
[2026-02-09T16:27:22.900573 41810] Acquiring /Users/hassoncs/.ccache/d/8/stats.lock
[2026-02-09T16:27:22.900633 41810] Acquired /Users/hassoncs/.ccache/d/8/stats.lock
[2026-02-09T16:27:22.900639 41810] Creating /Users/hassoncs/.ccache/d/8/stats.alive
[2026-02-09T16:27:22.901051 41810] Releasing /Users/hassoncs/.ccache/d/8/stats.lock
[2026-02-09T16:27:22.901173 41810] Released /Users/hassoncs/.ccache/d/8/stats.lock
[2026-02-09T16:27:22.901192 41810] Acquiring /Users/hassoncs/.ccache/d/9/stats.lock
[2026-02-09T16:27:22.901283 41810] Acquired /Users/hassoncs/.ccache/d/9/stats.lock
[2026-02-09T16:27:22.901293 41810] Creating /Users/hassoncs/.ccache/d/9/stats.alive
[2026-02-09T16:27:22.901676 41810] Releasing /Users/hassoncs/.ccache/d/9/stats.lock
[2026-02-09T16:27:22.901767 41810] Released /Users/hassoncs/.ccache/d/9/stats.lock
[2026-02-09T16:27:22.901776 41810] Acquiring /Users/hassoncs/.ccache/d/a/stats.lock
[2026-02-09T16:27:22.901850 41810] Acquired /Users/hassoncs/.ccache/d/a/stats.lock
[2026-02-09T16:27:22.901859 41810] Creating /Users/hassoncs/.ccache/d/a/stats.alive
[2026-02-09T16:27:22.902252 41810] Releasing /Users/hassoncs/.ccache/d/a/stats.lock
[2026-02-09T16:27:22.902369 41810] Released /Users/hassoncs/.ccache/d/a/stats.lock
[2026-02-09T16:27:22.902380 41810] Acquiring /Users/hassoncs/.ccache/d/b/stats.lock
[2026-02-09T16:27:22.902463 41810] Acquired /Users/hassoncs/.ccache/d/b/stats.lock
[2026-02-09T16:27:22.902471 41810] Creating /Users/hassoncs/.ccache/d/b/stats.alive
[2026-02-09T16:27:22.903008 41810] Releasing /Users/hassoncs/.ccache/d/b/stats.lock
[2026-02-09T16:27:22.903080 41810] Released /Users/hassoncs/.ccache/d/b/stats.lock
[2026-02-09T16:27:22.903088 41810] Acquiring /Users/hassoncs/.ccache/d/c/stats.lock
[2026-02-09T16:27:22.903151 41810] Acquired /Users/hassoncs/.ccache/d/c/stats.lock
[2026-02-09T16:27:22.903157 41810] Creating /Users/hassoncs/.ccache/d/c/stats.alive
[2026-02-09T16:27:22.903669 41810] Releasing /Users/hassoncs/.ccache/d/c/stats.lock
[2026-02-09T16:27:22.903782 41810] Released /Users/hassoncs/.ccache/d/c/stats.lock
[2026-02-09T16:27:22.903791 41810] Acquiring /Users/hassoncs/.ccache/d/d/stats.lock
[2026-02-09T16:27:22.903863 41810] Acquired /Users/hassoncs/.ccache/d/d/stats.lock
[2026-02-09T16:27:22.903870 41810] Creating /Users/hassoncs/.ccache/d/d/stats.alive
[2026-02-09T16:27:22.905545 41810] Releasing /Users/hassoncs/.ccache/d/d/stats.lock
[2026-02-09T16:27:22.905721 41810] Released /Users/hassoncs/.ccache/d/d/stats.lock
[2026-02-09T16:27:22.905744 41810] Acquiring /Users/hassoncs/.ccache/d/e/stats.lock
[2026-02-09T16:27:22.905864 41810] Acquired /Users/hassoncs/.ccache/d/e/stats.lock
[2026-02-09T16:27:22.905879 41810] Creating /Users/hassoncs/.ccache/d/e/stats.alive
[2026-02-09T16:27:22.906459 41810] Releasing /Users/hassoncs/.ccache/d/e/stats.lock
[2026-02-09T16:27:22.906616 41810] Released /Users/hassoncs/.ccache/d/e/stats.lock
[2026-02-09T16:27:22.906629 41810] Acquiring /Users/hassoncs/.ccache/d/f/stats.lock
[2026-02-09T16:27:22.906739 41810] Acquired /Users/hassoncs/.ccache/d/f/stats.lock
[2026-02-09T16:27:22.906751 41810] Creating /Users/hassoncs/.ccache/d/f/stats.alive
[2026-02-09T16:27:22.907529 41810] Releasing /Users/hassoncs/.ccache/d/f/stats.lock
[2026-02-09T16:27:22.907648 41810] Released /Users/hassoncs/.ccache/d/f/stats.lock
[2026-02-09T16:27:22.907659 41810] Acquiring /Users/hassoncs/.ccache/e/stats.lock
[2026-02-09T16:27:22.907767 41810] Acquired /Users/hassoncs/.ccache/e/stats.lock
[2026-02-09T16:27:22.907781 41810] Creating /Users/hassoncs/.ccache/e/stats.alive
[2026-02-09T16:27:22.908102 41810] Releasing /Users/hassoncs/.ccache/e/stats.lock
[2026-02-09T16:27:22.908207 41810] Released /Users/hassoncs/.ccache/e/stats.lock
[2026-02-09T16:27:22.908218 41810] Acquiring /Users/hassoncs/.ccache/e/0/stats.lock
[2026-02-09T16:27:22.908280 41810] Acquired /Users/hassoncs/.ccache/e/0/stats.lock
[2026-02-09T16:27:22.908287 41810] Creating /Users/hassoncs/.ccache/e/0/stats.alive
[2026-02-09T16:27:22.909108 41810] Releasing /Users/hassoncs/.ccache/e/0/stats.lock
[2026-02-09T16:27:22.909263 41810] Released /Users/hassoncs/.ccache/e/0/stats.lock
[2026-02-09T16:27:22.909277 41810] Acquiring /Users/hassoncs/.ccache/e/1/stats.lock
[2026-02-09T16:27:22.909432 41810] Acquired /Users/hassoncs/.ccache/e/1/stats.lock
[2026-02-09T16:27:22.909441 41810] Creating /Users/hassoncs/.ccache/e/1/stats.alive
[2026-02-09T16:27:22.910067 41810] Releasing /Users/hassoncs/.ccache/e/1/stats.lock
[2026-02-09T16:27:22.910211 41810] Released /Users/hassoncs/.ccache/e/1/stats.lock
[2026-02-09T16:27:22.910220 41810] Acquiring /Users/hassoncs/.ccache/e/2/stats.lock
[2026-02-09T16:27:22.910295 41810] Acquired /Users/hassoncs/.ccache/e/2/stats.lock
[2026-02-09T16:27:22.910302 41810] Creating /Users/hassoncs/.ccache/e/2/stats.alive
[2026-02-09T16:27:22.910701 41810] Releasing /Users/hassoncs/.ccache/e/2/stats.lock
[2026-02-09T16:27:22.910811 41810] Released /Users/hassoncs/.ccache/e/2/stats.lock
[2026-02-09T16:27:22.910818 41810] Acquiring /Users/hassoncs/.ccache/e/3/stats.lock
[2026-02-09T16:27:22.910905 41810] Acquired /Users/hassoncs/.ccache/e/3/stats.lock
[2026-02-09T16:27:22.910912 41810] Creating /Users/hassoncs/.ccache/e/3/stats.alive
[2026-02-09T16:27:22.911331 41810] Releasing /Users/hassoncs/.ccache/e/3/stats.lock
[2026-02-09T16:27:22.911425 41810] Released /Users/hassoncs/.ccache/e/3/stats.lock
[2026-02-09T16:27:22.911432 41810] Acquiring /Users/hassoncs/.ccache/e/4/stats.lock
[2026-02-09T16:27:22.911496 41810] Acquired /Users/hassoncs/.ccache/e/4/stats.lock
[2026-02-09T16:27:22.911503 41810] Creating /Users/hassoncs/.ccache/e/4/stats.alive
[2026-02-09T16:27:22.912295 41810] Releasing /Users/hassoncs/.ccache/e/4/stats.lock
[2026-02-09T16:27:22.912428 41810] Released /Users/hassoncs/.ccache/e/4/stats.lock
[2026-02-09T16:27:22.912441 41810] Acquiring /Users/hassoncs/.ccache/e/5/stats.lock
[2026-02-09T16:27:22.912534 41810] Acquired /Users/hassoncs/.ccache/e/5/stats.lock
[2026-02-09T16:27:22.912542 41810] Creating /Users/hassoncs/.ccache/e/5/stats.alive
[2026-02-09T16:27:22.912981 41810] Releasing /Users/hassoncs/.ccache/e/5/stats.lock
[2026-02-09T16:27:22.913093 41810] Released /Users/hassoncs/.ccache/e/5/stats.lock
[2026-02-09T16:27:22.913103 41810] Acquiring /Users/hassoncs/.ccache/e/6/stats.lock
[2026-02-09T16:27:22.913175 41810] Acquired /Users/hassoncs/.ccache/e/6/stats.lock
[2026-02-09T16:27:22.913181 41810] Creating /Users/hassoncs/.ccache/e/6/stats.alive
[2026-02-09T16:27:22.913544 41810] Releasing /Users/hassoncs/.ccache/e/6/stats.lock
[2026-02-09T16:27:22.913619 41810] Released /Users/hassoncs/.ccache/e/6/stats.lock
[2026-02-09T16:27:22.913627 41810] Acquiring /Users/hassoncs/.ccache/e/7/stats.lock
[2026-02-09T16:27:22.913699 41810] Acquired /Users/hassoncs/.ccache/e/7/stats.lock
[2026-02-09T16:27:22.913706 41810] Creating /Users/hassoncs/.ccache/e/7/stats.alive
[2026-02-09T16:27:22.914103 41810] Releasing /Users/hassoncs/.ccache/e/7/stats.lock
[2026-02-09T16:27:22.914185 41810] Released /Users/hassoncs/.ccache/e/7/stats.lock
[2026-02-09T16:27:22.914192 41810] Acquiring /Users/hassoncs/.ccache/e/8/stats.lock
[2026-02-09T16:27:22.914260 41810] Acquired /Users/hassoncs/.ccache/e/8/stats.lock
[2026-02-09T16:27:22.914267 41810] Creating /Users/hassoncs/.ccache/e/8/stats.alive
[2026-02-09T16:27:22.914835 41810] Releasing /Users/hassoncs/.ccache/e/8/stats.lock
[2026-02-09T16:27:22.915026 41810] Released /Users/hassoncs/.ccache/e/8/stats.lock
[2026-02-09T16:27:22.915073 41810] Acquiring /Users/hassoncs/.ccache/e/9/stats.lock
[2026-02-09T16:27:22.915190 41810] Acquired /Users/hassoncs/.ccache/e/9/stats.lock
[2026-02-09T16:27:22.915200 41810] Creating /Users/hassoncs/.ccache/e/9/stats.alive
[2026-02-09T16:27:22.915871 41810] Releasing /Users/hassoncs/.ccache/e/9/stats.lock
[2026-02-09T16:27:22.916000 41810] Released /Users/hassoncs/.ccache/e/9/stats.lock
[2026-02-09T16:27:22.916012 41810] Acquiring /Users/hassoncs/.ccache/e/a/stats.lock
[2026-02-09T16:27:22.916098 41810] Acquired /Users/hassoncs/.ccache/e/a/stats.lock
[2026-02-09T16:27:22.916108 41810] Creating /Users/hassoncs/.ccache/e/a/stats.alive
[2026-02-09T16:27:22.916533 41810] Releasing /Users/hassoncs/.ccache/e/a/stats.lock
[2026-02-09T16:27:22.916631 41810] Released /Users/hassoncs/.ccache/e/a/stats.lock
[2026-02-09T16:27:22.916640 41810] Acquiring /Users/hassoncs/.ccache/e/b/stats.lock
[2026-02-09T16:27:22.916745 41810] Acquired /Users/hassoncs/.ccache/e/b/stats.lock
[2026-02-09T16:27:22.916753 41810] Creating /Users/hassoncs/.ccache/e/b/stats.alive
[2026-02-09T16:27:22.917184 41810] Releasing /Users/hassoncs/.ccache/e/b/stats.lock
[2026-02-09T16:27:22.917268 41810] Released /Users/hassoncs/.ccache/e/b/stats.lock
[2026-02-09T16:27:22.917276 41810] Acquiring /Users/hassoncs/.ccache/e/c/stats.lock
[2026-02-09T16:27:22.917344 41810] Acquired /Users/hassoncs/.ccache/e/c/stats.lock
[2026-02-09T16:27:22.917350 41810] Creating /Users/hassoncs/.ccache/e/c/stats.alive
[2026-02-09T16:27:22.917684 41810] Releasing /Users/hassoncs/.ccache/e/c/stats.lock
[2026-02-09T16:27:22.917869 41810] Released /Users/hassoncs/.ccache/e/c/stats.lock
[2026-02-09T16:27:22.917884 41810] Acquiring /Users/hassoncs/.ccache/e/d/stats.lock
[2026-02-09T16:27:22.917977 41810] Acquired /Users/hassoncs/.ccache/e/d/stats.lock
[2026-02-09T16:27:22.917985 41810] Creating /Users/hassoncs/.ccache/e/d/stats.alive
[2026-02-09T16:27:22.918386 41810] Releasing /Users/hassoncs/.ccache/e/d/stats.lock
[2026-02-09T16:27:22.918484 41810] Released /Users/hassoncs/.ccache/e/d/stats.lock
[2026-02-09T16:27:22.918492 41810] Acquiring /Users/hassoncs/.ccache/e/e/stats.lock
[2026-02-09T16:27:22.918565 41810] Acquired /Users/hassoncs/.ccache/e/e/stats.lock
[2026-02-09T16:27:22.918571 41810] Creating /Users/hassoncs/.ccache/e/e/stats.alive
[2026-02-09T16:27:22.918915 41810] Releasing /Users/hassoncs/.ccache/e/e/stats.lock
[2026-02-09T16:27:22.919000 41810] Released /Users/hassoncs/.ccache/e/e/stats.lock
[2026-02-09T16:27:22.919007 41810] Acquiring /Users/hassoncs/.ccache/e/f/stats.lock
[2026-02-09T16:27:22.919067 41810] Acquired /Users/hassoncs/.ccache/e/f/stats.lock
[2026-02-09T16:27:22.919074 41810] Creating /Users/hassoncs/.ccache/e/f/stats.alive
[2026-02-09T16:27:22.919431 41810] Releasing /Users/hassoncs/.ccache/e/f/stats.lock
[2026-02-09T16:27:22.919537 41810] Released /Users/hassoncs/.ccache/e/f/stats.lock
[2026-02-09T16:27:22.919545 41810] Acquiring /Users/hassoncs/.ccache/f/stats.lock
[2026-02-09T16:27:22.919620 41810] Acquired /Users/hassoncs/.ccache/f/stats.lock
[2026-02-09T16:27:22.919627 41810] Creating /Users/hassoncs/.ccache/f/stats.alive
[2026-02-09T16:27:22.920112 41810] Releasing /Users/hassoncs/.ccache/f/stats.lock
[2026-02-09T16:27:22.920266 41810] Released /Users/hassoncs/.ccache/f/stats.lock
[2026-02-09T16:27:22.920278 41810] Acquiring /Users/hassoncs/.ccache/f/0/stats.lock
[2026-02-09T16:27:22.920382 41810] Acquired /Users/hassoncs/.ccache/f/0/stats.lock
[2026-02-09T16:27:22.920391 41810] Creating /Users/hassoncs/.ccache/f/0/stats.alive
[2026-02-09T16:27:22.928231 41810] Releasing /Users/hassoncs/.ccache/f/0/stats.lock
[2026-02-09T16:27:22.928403 41810] Released /Users/hassoncs/.ccache/f/0/stats.lock
[2026-02-09T16:27:22.928421 41810] Acquiring /Users/hassoncs/.ccache/f/1/stats.lock
[2026-02-09T16:27:22.928607 41810] Acquired /Users/hassoncs/.ccache/f/1/stats.lock
[2026-02-09T16:27:22.928617 41810] Creating /Users/hassoncs/.ccache/f/1/stats.alive
[2026-02-09T16:27:22.929392 41810] Releasing /Users/hassoncs/.ccache/f/1/stats.lock
[2026-02-09T16:27:22.929494 41810] Released /Users/hassoncs/.ccache/f/1/stats.lock
[2026-02-09T16:27:22.929506 41810] Acquiring /Users/hassoncs/.ccache/f/2/stats.lock
[2026-02-09T16:27:22.929595 41810] Acquired /Users/hassoncs/.ccache/f/2/stats.lock
[2026-02-09T16:27:22.929605 41810] Creating /Users/hassoncs/.ccache/f/2/stats.alive
[2026-02-09T16:27:22.930102 41810] Releasing /Users/hassoncs/.ccache/f/2/stats.lock
[2026-02-09T16:27:22.930196 41810] Released /Users/hassoncs/.ccache/f/2/stats.lock
[2026-02-09T16:27:22.930205 41810] Acquiring /Users/hassoncs/.ccache/f/3/stats.lock
[2026-02-09T16:27:22.930623 41810] Acquired /Users/hassoncs/.ccache/f/3/stats.lock
[2026-02-09T16:27:22.930657 41810] Creating /Users/hassoncs/.ccache/f/3/stats.alive
[2026-02-09T16:27:22.936399 41810] Releasing /Users/hassoncs/.ccache/f/3/stats.lock
[2026-02-09T16:27:22.936500 41810] Released /Users/hassoncs/.ccache/f/3/stats.lock
[2026-02-09T16:27:22.936511 41810] Acquiring /Users/hassoncs/.ccache/f/4/stats.lock
[2026-02-09T16:27:22.936774 41810] Acquired /Users/hassoncs/.ccache/f/4/stats.lock
[2026-02-09T16:27:22.936790 41810] Creating /Users/hassoncs/.ccache/f/4/stats.alive
[2026-02-09T16:27:22.938049 41810] Releasing /Users/hassoncs/.ccache/f/4/stats.lock
[2026-02-09T16:27:22.939099 41810] Released /Users/hassoncs/.ccache/f/4/stats.lock
[2026-02-09T16:27:22.939118 41810] Acquiring /Users/hassoncs/.ccache/f/5/stats.lock
[2026-02-09T16:27:22.939283 41810] Acquired /Users/hassoncs/.ccache/f/5/stats.lock
[2026-02-09T16:27:22.939299 41810] Creating /Users/hassoncs/.ccache/f/5/stats.alive
[2026-02-09T16:27:22.941416 41810] Releasing /Users/hassoncs/.ccache/f/5/stats.lock
[2026-02-09T16:27:22.941628 41810] Released /Users/hassoncs/.ccache/f/5/stats.lock
[2026-02-09T16:27:22.941648 41810] Acquiring /Users/hassoncs/.ccache/f/6/stats.lock
[2026-02-09T16:27:22.941754 41810] Acquired /Users/hassoncs/.ccache/f/6/stats.lock
[2026-02-09T16:27:22.941764 41810] Creating /Users/hassoncs/.ccache/f/6/stats.alive
[2026-02-09T16:27:22.942568 41810] Releasing /Users/hassoncs/.ccache/f/6/stats.lock
[2026-02-09T16:27:22.942754 41810] Released /Users/hassoncs/.ccache/f/6/stats.lock
[2026-02-09T16:27:22.942778 41810] Acquiring /Users/hassoncs/.ccache/f/7/stats.lock
[2026-02-09T16:27:22.942977 41810] Acquired /Users/hassoncs/.ccache/f/7/stats.lock
[2026-02-09T16:27:22.943014 41810] Creating /Users/hassoncs/.ccache/f/7/stats.alive
[2026-02-09T16:27:22.943486 41810] Releasing /Users/hassoncs/.ccache/f/7/stats.lock
[2026-02-09T16:27:22.943589 41810] Released /Users/hassoncs/.ccache/f/7/stats.lock
[2026-02-09T16:27:22.943599 41810] Acquiring /Users/hassoncs/.ccache/f/8/stats.lock
[2026-02-09T16:27:22.943683 41810] Acquired /Users/hassoncs/.ccache/f/8/stats.lock
[2026-02-09T16:27:22.943691 41810] Creating /Users/hassoncs/.ccache/f/8/stats.alive
[2026-02-09T16:27:22.944420 41810] Releasing /Users/hassoncs/.ccache/f/8/stats.lock
[2026-02-09T16:27:22.944522 41810] Released /Users/hassoncs/.ccache/f/8/stats.lock
[2026-02-09T16:27:22.944533 41810] Acquiring /Users/hassoncs/.ccache/f/9/stats.lock
[2026-02-09T16:27:22.944631 41810] Acquired /Users/hassoncs/.ccache/f/9/stats.lock
[2026-02-09T16:27:22.944639 41810] Creating /Users/hassoncs/.ccache/f/9/stats.alive
[2026-02-09T16:27:22.945213 41810] Releasing /Users/hassoncs/.ccache/f/9/stats.lock
[2026-02-09T16:27:22.945281 41810] Released /Users/hassoncs/.ccache/f/9/stats.lock
[2026-02-09T16:27:22.945289 41810] Acquiring /Users/hassoncs/.ccache/f/a/stats.lock
[2026-02-09T16:27:22.945350 41810] Acquired /Users/hassoncs/.ccache/f/a/stats.lock
[2026-02-09T16:27:22.945356 41810] Creating /Users/hassoncs/.ccache/f/a/stats.alive
[2026-02-09T16:27:22.945934 41810] Releasing /Users/hassoncs/.ccache/f/a/stats.lock
[2026-02-09T16:27:22.946016 41810] Released /Users/hassoncs/.ccache/f/a/stats.lock
[2026-02-09T16:27:22.946026 41810] Acquiring /Users/hassoncs/.ccache/f/b/stats.lock
[2026-02-09T16:27:22.946115 41810] Acquired /Users/hassoncs/.ccache/f/b/stats.lock
[2026-02-09T16:27:22.946127 41810] Creating /Users/hassoncs/.ccache/f/b/stats.alive
[2026-02-09T16:27:22.946579 41810] Releasing /Users/hassoncs/.ccache/f/b/stats.lock
[2026-02-09T16:27:22.946697 41810] Released /Users/hassoncs/.ccache/f/b/stats.lock
[2026-02-09T16:27:22.946706 41810] Acquiring /Users/hassoncs/.ccache/f/c/stats.lock
[2026-02-09T16:27:22.946804 41810] Acquired /Users/hassoncs/.ccache/f/c/stats.lock
[2026-02-09T16:27:22.946812 41810] Creating /Users/hassoncs/.ccache/f/c/stats.alive
[2026-02-09T16:27:22.947481 41810] Releasing /Users/hassoncs/.ccache/f/c/stats.lock
[2026-02-09T16:27:22.947614 41810] Released /Users/hassoncs/.ccache/f/c/stats.lock
[2026-02-09T16:27:22.947626 41810] Acquiring /Users/hassoncs/.ccache/f/d/stats.lock
[2026-02-09T16:27:22.947730 41810] Acquired /Users/hassoncs/.ccache/f/d/stats.lock
[2026-02-09T16:27:22.947740 41810] Creating /Users/hassoncs/.ccache/f/d/stats.alive
[2026-02-09T16:27:22.948142 41810] Releasing /Users/hassoncs/.ccache/f/d/stats.lock
[2026-02-09T16:27:22.948216 41810] Released /Users/hassoncs/.ccache/f/d/stats.lock
[2026-02-09T16:27:22.948225 41810] Acquiring /Users/hassoncs/.ccache/f/e/stats.lock
[2026-02-09T16:27:22.948379 41810] Acquired /Users/hassoncs/.ccache/f/e/stats.lock
[2026-02-09T16:27:22.948396 41810] Creating /Users/hassoncs/.ccache/f/e/stats.alive
[2026-02-09T16:27:22.949022 41810] Releasing /Users/hassoncs/.ccache/f/e/stats.lock
[2026-02-09T16:27:22.949112 41810] Released /Users/hassoncs/.ccache/f/e/stats.lock
[2026-02-09T16:27:22.949122 41810] Acquiring /Users/hassoncs/.ccache/f/f/stats.lock
[2026-02-09T16:27:22.949201 41810] Acquired /Users/hassoncs/.ccache/f/f/stats.lock
[2026-02-09T16:27:22.949208 41810] Creating /Users/hassoncs/.ccache/f/f/stats.alive
[2026-02-09T16:27:22.949604 41810] Releasing /Users/hassoncs/.ccache/f/f/stats.lock
[2026-02-09T16:27:22.949749 41810] Released /Users/hassoncs/.ccache/f/f/stats.lock
[2026-02-09T16:29:22.322773 45941] Acquiring /Users/hassoncs/.ccache/0/stats.lock
[2026-02-09T16:29:22.324591 45941] Acquired /Users/hassoncs/.ccache/0/stats.lock
[2026-02-09T16:29:22.324615 45941] Creating /Users/hassoncs/.ccache/0/stats.alive
[2026-02-09T16:29:22.325245 45941] Releasing /Users/hassoncs/.ccache/0/stats.lock
[2026-02-09T16:29:22.325373 45941] Released /Users/hassoncs/.ccache/0/stats.lock
[2026-02-09T16:29:22.325388 45941] Acquiring /Users/hassoncs/.ccache/0/0/stats.lock
[2026-02-09T16:29:22.325492 45941] Acquired /Users/hassoncs/.ccache/0/0/stats.lock
[2026-02-09T16:29:22.325506 45941] Creating /Users/hassoncs/.ccache/0/0/stats.alive
[2026-02-09T16:29:22.328007 45941] Releasing /Users/hassoncs/.ccache/0/0/stats.lock
[2026-02-09T16:29:22.328140 45941] Released /Users/hassoncs/.ccache/0/0/stats.lock
[2026-02-09T16:29:22.328160 45941] Acquiring /Users/hassoncs/.ccache/0/1/stats.lock
[2026-02-09T16:29:22.328441 45941] Acquired /Users/hassoncs/.ccache/0/1/stats.lock
[2026-02-09T16:29:22.328455 45941] Creating /Users/hassoncs/.ccache/0/1/stats.alive
[2026-02-09T16:29:22.329067 45941] Releasing /Users/hassoncs/.ccache/0/1/stats.lock
[2026-02-09T16:29:22.329166 45941] Released /Users/hassoncs/.ccache/0/1/stats.lock
[2026-02-09T16:29:22.329183 45941] Acquiring /Users/hassoncs/.ccache/0/2/stats.lock
[2026-02-09T16:29:22.329256 45941] Acquired /Users/hassoncs/.ccache/0/2/stats.lock
[2026-02-09T16:29:22.329264 45941] Creating /Users/hassoncs/.ccache/0/2/stats.alive
[2026-02-09T16:29:22.334512 45941] Releasing /Users/hassoncs/.ccache/0/2/stats.lock
[2026-02-09T16:29:22.334743 45941] Released /Users/hassoncs/.ccache/0/2/stats.lock
[2026-02-09T16:29:22.334765 45941] Acquiring /Users/hassoncs/.ccache/0/3/stats.lock
[2026-02-09T16:29:22.334881 45941] Acquired /Users/hassoncs/.ccache/0/3/stats.lock
[2026-02-09T16:29:22.334891 45941] Creating /Users/hassoncs/.ccache/0/3/stats.alive
[2026-02-09T16:29:22.335931 45941] Releasing /Users/hassoncs/.ccache/0/3/stats.lock
[2026-02-09T16:29:22.336041 45941] Released /Users/hassoncs/.ccache/0/3/stats.lock
[2026-02-09T16:29:22.336054 45941] Acquiring /Users/hassoncs/.ccache/0/4/stats.lock
[2026-02-09T16:29:22.336208 45941] Acquired /Users/hassoncs/.ccache/0/4/stats.lock
[2026-02-09T16:29:22.336241 45941] Creating /Users/hassoncs/.ccache/0/4/stats.alive
[2026-02-09T16:29:22.337057 45941] Releasing /Users/hassoncs/.ccache/0/4/stats.lock
[2026-02-09T16:29:22.337173 45941] Released /Users/hassoncs/.ccache/0/4/stats.lock
[2026-02-09T16:29:22.337189 45941] Acquiring /Users/hassoncs/.ccache/0/5/stats.lock
[2026-02-09T16:29:22.337272 45941] Acquired /Users/hassoncs/.ccache/0/5/stats.lock
[2026-02-09T16:29:22.337282 45941] Creating /Users/hassoncs/.ccache/0/5/stats.alive
[2026-02-09T16:29:22.338122 45941] Releasing /Users/hassoncs/.ccache/0/5/stats.lock
[2026-02-09T16:29:22.338281 45941] Released /Users/hassoncs/.ccache/0/5/stats.lock
[2026-02-09T16:29:22.338318 45941] Acquiring /Users/hassoncs/.ccache/0/6/stats.lock
[2026-02-09T16:29:22.338438 45941] Acquired /Users/hassoncs/.ccache/0/6/stats.lock
[2026-02-09T16:29:22.338451 45941] Creating /Users/hassoncs/.ccache/0/6/stats.alive
[2026-02-09T16:29:22.340115 45941] Releasing /Users/hassoncs/.ccache/0/6/stats.lock
[2026-02-09T16:29:22.340223 45941] Released /Users/hassoncs/.ccache/0/6/stats.lock
[2026-02-09T16:29:22.340236 45941] Acquiring /Users/hassoncs/.ccache/0/7/stats.lock
[2026-02-09T16:29:22.340317 45941] Acquired /Users/hassoncs/.ccache/0/7/stats.lock
[2026-02-09T16:29:22.340326 45941] Creating /Users/hassoncs/.ccache/0/7/stats.alive
[2026-02-09T16:29:22.341386 45941] Releasing /Users/hassoncs/.ccache/0/7/stats.lock
[2026-02-09T16:29:22.341503 45941] Released /Users/hassoncs/.ccache/0/7/stats.lock
[2026-02-09T16:29:22.341517 45941] Acquiring /Users/hassoncs/.ccache/0/8/stats.lock
[2026-02-09T16:29:22.341642 45941] Acquired /Users/hassoncs/.ccache/0/8/stats.lock
[2026-02-09T16:29:22.341655 45941] Creating /Users/hassoncs/.ccache/0/8/stats.alive
[2026-02-09T16:29:22.342221 45941] Releasing /Users/hassoncs/.ccache/0/8/stats.lock
[2026-02-09T16:29:22.342302 45941] Released /Users/hassoncs/.ccache/0/8/stats.lock
[2026-02-09T16:29:22.342313 45941] Acquiring /Users/hassoncs/.ccache/0/9/stats.lock
[2026-02-09T16:29:22.342381 45941] Acquired /Users/hassoncs/.ccache/0/9/stats.lock
[2026-02-09T16:29:22.342390 45941] Creating /Users/hassoncs/.ccache/0/9/stats.alive
[2026-02-09T16:29:22.342935 45941] Releasing /Users/hassoncs/.ccache/0/9/stats.lock
[2026-02-09T16:29:22.343013 45941] Released /Users/hassoncs/.ccache/0/9/stats.lock
[2026-02-09T16:29:22.343022 45941] Acquiring /Users/hassoncs/.ccache/0/a/stats.lock
[2026-02-09T16:29:22.343083 45941] Acquired /Users/hassoncs/.ccache/0/a/stats.lock
[2026-02-09T16:29:22.343090 45941] Creating /Users/hassoncs/.ccache/0/a/stats.alive
[2026-02-09T16:29:22.344005 45941] Releasing /Users/hassoncs/.ccache/0/a/stats.lock
[2026-02-09T16:29:22.344103 45941] Released /Users/hassoncs/.ccache/0/a/stats.lock
[2026-02-09T16:29:22.344119 45941] Acquiring /Users/hassoncs/.ccache/0/b/stats.lock
[2026-02-09T16:29:22.344206 45941] Acquired /Users/hassoncs/.ccache/0/b/stats.lock
[2026-02-09T16:29:22.344215 45941] Creating /Users/hassoncs/.ccache/0/b/stats.alive
[2026-02-09T16:29:22.345605 45941] Releasing /Users/hassoncs/.ccache/0/b/stats.lock
[2026-02-09T16:29:22.345722 45941] Released /Users/hassoncs/.ccache/0/b/stats.lock
[2026-02-09T16:29:22.345737 45941] Acquiring /Users/hassoncs/.ccache/0/c/stats.lock
[2026-02-09T16:29:22.345829 45941] Acquired /Users/hassoncs/.ccache/0/c/stats.lock
[2026-02-09T16:29:22.345838 45941] Creating /Users/hassoncs/.ccache/0/c/stats.alive
[2026-02-09T16:29:22.346554 45941] Releasing /Users/hassoncs/.ccache/0/c/stats.lock
[2026-02-09T16:29:22.346973 45941] Released /Users/hassoncs/.ccache/0/c/stats.lock
[2026-02-09T16:29:22.347019 45941] Acquiring /Users/hassoncs/.ccache/0/d/stats.lock
[2026-02-09T16:29:22.347147 45941] Acquired /Users/hassoncs/.ccache/0/d/stats.lock
[2026-02-09T16:29:22.347158 45941] Creating /Users/hassoncs/.ccache/0/d/stats.alive
[2026-02-09T16:29:22.348038 45941] Releasing /Users/hassoncs/.ccache/0/d/stats.lock
[2026-02-09T16:29:22.348183 45941] Released /Users/hassoncs/.ccache/0/d/stats.lock
[2026-02-09T16:29:22.348202 45941] Acquiring /Users/hassoncs/.ccache/0/e/stats.lock
[2026-02-09T16:29:22.348326 45941] Acquired /Users/hassoncs/.ccache/0/e/stats.lock
[2026-02-09T16:29:22.348341 45941] Creating /Users/hassoncs/.ccache/0/e/stats.alive
[2026-02-09T16:29:22.349335 45941] Releasing /Users/hassoncs/.ccache/0/e/stats.lock
[2026-02-09T16:29:22.350575 45941] Released /Users/hassoncs/.ccache/0/e/stats.lock
[2026-02-09T16:29:22.350589 45941] Acquiring /Users/hassoncs/.ccache/0/f/stats.lock
[2026-02-09T16:29:22.350664 45941] Acquired /Users/hassoncs/.ccache/0/f/stats.lock
[2026-02-09T16:29:22.350672 45941] Creating /Users/hassoncs/.ccache/0/f/stats.alive
[2026-02-09T16:29:22.351281 45941] Releasing /Users/hassoncs/.ccache/0/f/stats.lock
[2026-02-09T16:29:22.351363 45941] Released /Users/hassoncs/.ccache/0/f/stats.lock
[2026-02-09T16:29:22.351372 45941] Acquiring /Users/hassoncs/.ccache/1/stats.lock
[2026-02-09T16:29:22.351438 45941] Acquired /Users/hassoncs/.ccache/1/stats.lock
[2026-02-09T16:29:22.351446 45941] Creating /Users/hassoncs/.ccache/1/stats.alive
[2026-02-09T16:29:22.353023 45941] Releasing /Users/hassoncs/.ccache/1/stats.lock
[2026-02-09T16:29:22.353111 45941] Released /Users/hassoncs/.ccache/1/stats.lock
[2026-02-09T16:29:22.353121 45941] Acquiring /Users/hassoncs/.ccache/1/0/stats.lock
[2026-02-09T16:29:22.353236 45941] Acquired /Users/hassoncs/.ccache/1/0/stats.lock
[2026-02-09T16:29:22.353249 45941] Creating /Users/hassoncs/.ccache/1/0/stats.alive
[2026-02-09T16:29:22.353775 45941] Releasing /Users/hassoncs/.ccache/1/0/stats.lock
[2026-02-09T16:29:22.353849 45941] Released /Users/hassoncs/.ccache/1/0/stats.lock
[2026-02-09T16:29:22.353857 45941] Acquiring /Users/hassoncs/.ccache/1/1/stats.lock
[2026-02-09T16:29:22.353918 45941] Acquired /Users/hassoncs/.ccache/1/1/stats.lock
[2026-02-09T16:29:22.353925 45941] Creating /Users/hassoncs/.ccache/1/1/stats.alive
[2026-02-09T16:29:22.354465 45941] Releasing /Users/hassoncs/.ccache/1/1/stats.lock
[2026-02-09T16:29:22.354551 45941] Released /Users/hassoncs/.ccache/1/1/stats.lock
[2026-02-09T16:29:22.354561 45941] Acquiring /Users/hassoncs/.ccache/1/2/stats.lock
[2026-02-09T16:29:22.354630 45941] Acquired /Users/hassoncs/.ccache/1/2/stats.lock
[2026-02-09T16:29:22.354637 45941] Creating /Users/hassoncs/.ccache/1/2/stats.alive
[2026-02-09T16:29:22.355282 45941] Releasing /Users/hassoncs/.ccache/1/2/stats.lock
[2026-02-09T16:29:22.355384 45941] Released /Users/hassoncs/.ccache/1/2/stats.lock
[2026-02-09T16:29:22.355397 45941] Acquiring /Users/hassoncs/.ccache/1/3/stats.lock
[2026-02-09T16:29:22.355477 45941] Acquired /Users/hassoncs/.ccache/1/3/stats.lock
[2026-02-09T16:29:22.355484 45941] Creating /Users/hassoncs/.ccache/1/3/stats.alive
[2026-02-09T16:29:22.357097 45941] Releasing /Users/hassoncs/.ccache/1/3/stats.lock
[2026-02-09T16:29:22.357175 45941] Released /Users/hassoncs/.ccache/1/3/stats.lock
[2026-02-09T16:29:22.357184 45941] Acquiring /Users/hassoncs/.ccache/1/4/stats.lock
[2026-02-09T16:29:22.357248 45941] Acquired /Users/hassoncs/.ccache/1/4/stats.lock
[2026-02-09T16:29:22.357254 45941] Creating /Users/hassoncs/.ccache/1/4/stats.alive
[2026-02-09T16:29:22.357788 45941] Releasing /Users/hassoncs/.ccache/1/4/stats.lock
[2026-02-09T16:29:22.358075 45941] Released /Users/hassoncs/.ccache/1/4/stats.lock
[2026-02-09T16:29:22.358125 45941] Acquiring /Users/hassoncs/.ccache/1/5/stats.lock
[2026-02-09T16:29:22.358211 45941] Acquired /Users/hassoncs/.ccache/1/5/stats.lock
[2026-02-09T16:29:22.358219 45941] Creating /Users/hassoncs/.ccache/1/5/stats.alive
[2026-02-09T16:29:22.358698 45941] Releasing /Users/hassoncs/.ccache/1/5/stats.lock
[2026-02-09T16:29:22.358766 45941] Released /Users/hassoncs/.ccache/1/5/stats.lock
[2026-02-09T16:29:22.358774 45941] Acquiring /Users/hassoncs/.ccache/1/6/stats.lock
[2026-02-09T16:29:22.358828 45941] Acquired /Users/hassoncs/.ccache/1/6/stats.lock
[2026-02-09T16:29:22.358834 45941] Creating /Users/hassoncs/.ccache/1/6/stats.alive
[2026-02-09T16:29:22.361615 45941] Releasing /Users/hassoncs/.ccache/1/6/stats.lock
[2026-02-09T16:29:22.361714 45941] Released /Users/hassoncs/.ccache/1/6/stats.lock
[2026-02-09T16:29:22.361725 45941] Acquiring /Users/hassoncs/.ccache/1/7/stats.lock
[2026-02-09T16:29:22.361817 45941] Acquired /Users/hassoncs/.ccache/1/7/stats.lock
[2026-02-09T16:29:22.361825 45941] Creating /Users/hassoncs/.ccache/1/7/stats.alive
[2026-02-09T16:29:22.362355 45941] Releasing /Users/hassoncs/.ccache/1/7/stats.lock
[2026-02-09T16:29:22.362428 45941] Released /Users/hassoncs/.ccache/1/7/stats.lock
[2026-02-09T16:29:22.362436 45941] Acquiring /Users/hassoncs/.ccache/1/8/stats.lock
[2026-02-09T16:29:22.362502 45941] Acquired /Users/hassoncs/.ccache/1/8/stats.lock
[2026-02-09T16:29:22.362509 45941] Creating /Users/hassoncs/.ccache/1/8/stats.alive
[2026-02-09T16:29:22.363098 45941] Releasing /Users/hassoncs/.ccache/1/8/stats.lock
[2026-02-09T16:29:22.363163 45941] Released /Users/hassoncs/.ccache/1/8/stats.lock
[2026-02-09T16:29:22.363170 45941] Acquiring /Users/hassoncs/.ccache/1/9/stats.lock
[2026-02-09T16:29:22.363238 45941] Acquired /Users/hassoncs/.ccache/1/9/stats.lock
[2026-02-09T16:29:22.363245 45941] Creating /Users/hassoncs/.ccache/1/9/stats.alive
[2026-02-09T16:29:22.363757 45941] Releasing /Users/hassoncs/.ccache/1/9/stats.lock
[2026-02-09T16:29:22.363826 45941] Released /Users/hassoncs/.ccache/1/9/stats.lock
[2026-02-09T16:29:22.363833 45941] Acquiring /Users/hassoncs/.ccache/1/a/stats.lock
[2026-02-09T16:29:22.363887 45941] Acquired /Users/hassoncs/.ccache/1/a/stats.lock
[2026-02-09T16:29:22.363893 45941] Creating /Users/hassoncs/.ccache/1/a/stats.alive
[2026-02-09T16:29:22.365514 45941] Releasing /Users/hassoncs/.ccache/1/a/stats.lock
[2026-02-09T16:29:22.365674 45941] Released /Users/hassoncs/.ccache/1/a/stats.lock
[2026-02-09T16:29:22.365693 45941] Acquiring /Users/hassoncs/.ccache/1/b/stats.lock
[2026-02-09T16:29:22.365856 45941] Acquired /Users/hassoncs/.ccache/1/b/stats.lock
[2026-02-09T16:29:22.365879 45941] Creating /Users/hassoncs/.ccache/1/b/stats.alive
[2026-02-09T16:29:22.366727 45941] Releasing /Users/hassoncs/.ccache/1/b/stats.lock
[2026-02-09T16:29:22.366842 45941] Released /Users/hassoncs/.ccache/1/b/stats.lock
[2026-02-09T16:29:22.366853 45941] Acquiring /Users/hassoncs/.ccache/1/c/stats.lock
[2026-02-09T16:29:22.366947 45941] Acquired /Users/hassoncs/.ccache/1/c/stats.lock
[2026-02-09T16:29:22.366954 45941] Creating /Users/hassoncs/.ccache/1/c/stats.alive
[2026-02-09T16:29:22.367538 45941] Releasing /Users/hassoncs/.ccache/1/c/stats.lock
[2026-02-09T16:29:22.367629 45941] Released /Users/hassoncs/.ccache/1/c/stats.lock
[2026-02-09T16:29:22.367643 45941] Acquiring /Users/hassoncs/.ccache/1/d/stats.lock
[2026-02-09T16:29:22.367722 45941] Acquired /Users/hassoncs/.ccache/1/d/stats.lock
[2026-02-09T16:29:22.367731 45941] Creating /Users/hassoncs/.ccache/1/d/stats.alive
[2026-02-09T16:29:22.368215 45941] Releasing /Users/hassoncs/.ccache/1/d/stats.lock
[2026-02-09T16:29:22.368306 45941] Released /Users/hassoncs/.ccache/1/d/stats.lock
[2026-02-09T16:29:22.368315 45941] Acquiring /Users/hassoncs/.ccache/1/e/stats.lock
[2026-02-09T16:29:22.368396 45941] Acquired /Users/hassoncs/.ccache/1/e/stats.lock
[2026-02-09T16:29:22.368404 45941] Creating /Users/hassoncs/.ccache/1/e/stats.alive
[2026-02-09T16:29:22.369015 45941] Releasing /Users/hassoncs/.ccache/1/e/stats.lock
[2026-02-09T16:29:22.369096 45941] Released /Users/hassoncs/.ccache/1/e/stats.lock
[2026-02-09T16:29:22.369105 45941] Acquiring /Users/hassoncs/.ccache/1/f/stats.lock
[2026-02-09T16:29:22.369175 45941] Acquired /Users/hassoncs/.ccache/1/f/stats.lock
[2026-02-09T16:29:22.369182 45941] Creating /Users/hassoncs/.ccache/1/f/stats.alive
[2026-02-09T16:29:22.370165 45941] Releasing /Users/hassoncs/.ccache/1/f/stats.lock
[2026-02-09T16:29:22.370266 45941] Released /Users/hassoncs/.ccache/1/f/stats.lock
[2026-02-09T16:29:22.370278 45941] Acquiring /Users/hassoncs/.ccache/2/stats.lock
[2026-02-09T16:29:22.370354 45941] Acquired /Users/hassoncs/.ccache/2/stats.lock
[2026-02-09T16:29:22.370361 45941] Creating /Users/hassoncs/.ccache/2/stats.alive
[2026-02-09T16:29:22.370700 45941] Releasing /Users/hassoncs/.ccache/2/stats.lock
[2026-02-09T16:29:22.370770 45941] Released /Users/hassoncs/.ccache/2/stats.lock
[2026-02-09T16:29:22.370778 45941] Acquiring /Users/hassoncs/.ccache/2/0/stats.lock
[2026-02-09T16:29:22.370840 45941] Acquired /Users/hassoncs/.ccache/2/0/stats.lock
[2026-02-09T16:29:22.370847 45941] Creating /Users/hassoncs/.ccache/2/0/stats.alive
[2026-02-09T16:29:22.371422 45941] Releasing /Users/hassoncs/.ccache/2/0/stats.lock
[2026-02-09T16:29:22.371502 45941] Released /Users/hassoncs/.ccache/2/0/stats.lock
[2026-02-09T16:29:22.371512 45941] Acquiring /Users/hassoncs/.ccache/2/1/stats.lock
[2026-02-09T16:29:22.371587 45941] Acquired /Users/hassoncs/.ccache/2/1/stats.lock
[2026-02-09T16:29:22.371594 45941] Creating /Users/hassoncs/.ccache/2/1/stats.alive
[2026-02-09T16:29:22.372092 45941] Releasing /Users/hassoncs/.ccache/2/1/stats.lock
[2026-02-09T16:29:22.372157 45941] Released /Users/hassoncs/.ccache/2/1/stats.lock
[2026-02-09T16:29:22.372165 45941] Acquiring /Users/hassoncs/.ccache/2/2/stats.lock
[2026-02-09T16:29:22.372221 45941] Acquired /Users/hassoncs/.ccache/2/2/stats.lock
[2026-02-09T16:29:22.372227 45941] Creating /Users/hassoncs/.ccache/2/2/stats.alive
[2026-02-09T16:29:22.372720 45941] Releasing /Users/hassoncs/.ccache/2/2/stats.lock
[2026-02-09T16:29:22.372795 45941] Released /Users/hassoncs/.ccache/2/2/stats.lock
[2026-02-09T16:29:22.372804 45941] Acquiring /Users/hassoncs/.ccache/2/3/stats.lock
[2026-02-09T16:29:22.372867 45941] Acquired /Users/hassoncs/.ccache/2/3/stats.lock
[2026-02-09T16:29:22.372874 45941] Creating /Users/hassoncs/.ccache/2/3/stats.alive
[2026-02-09T16:29:22.376228 45941] Releasing /Users/hassoncs/.ccache/2/3/stats.lock
[2026-02-09T16:29:22.376344 45941] Released /Users/hassoncs/.ccache/2/3/stats.lock
[2026-02-09T16:29:22.376355 45941] Acquiring /Users/hassoncs/.ccache/2/4/stats.lock
[2026-02-09T16:29:22.380025 45941] Acquired /Users/hassoncs/.ccache/2/4/stats.lock
[2026-02-09T16:29:22.380054 45941] Creating /Users/hassoncs/.ccache/2/4/stats.alive
[2026-02-09T16:29:22.380933 45941] Releasing /Users/hassoncs/.ccache/2/4/stats.lock
[2026-02-09T16:29:22.381050 45941] Released /Users/hassoncs/.ccache/2/4/stats.lock
[2026-02-09T16:29:22.381062 45941] Acquiring /Users/hassoncs/.ccache/2/5/stats.lock
[2026-02-09T16:29:22.381140 45941] Acquired /Users/hassoncs/.ccache/2/5/stats.lock
[2026-02-09T16:29:22.381148 45941] Creating /Users/hassoncs/.ccache/2/5/stats.alive
[2026-02-09T16:29:22.381790 45941] Releasing /Users/hassoncs/.ccache/2/5/stats.lock
[2026-02-09T16:29:22.381876 45941] Released /Users/hassoncs/.ccache/2/5/stats.lock
[2026-02-09T16:29:22.381887 45941] Acquiring /Users/hassoncs/.ccache/2/6/stats.lock
[2026-02-09T16:29:22.381960 45941] Acquired /Users/hassoncs/.ccache/2/6/stats.lock
[2026-02-09T16:29:22.381968 45941] Creating /Users/hassoncs/.ccache/2/6/stats.alive
[2026-02-09T16:29:22.383058 45941] Releasing /Users/hassoncs/.ccache/2/6/stats.lock
[2026-02-09T16:29:22.383142 45941] Released /Users/hassoncs/.ccache/2/6/stats.lock
[2026-02-09T16:29:22.383152 45941] Acquiring /Users/hassoncs/.ccache/2/7/stats.lock
[2026-02-09T16:29:22.383225 45941] Acquired /Users/hassoncs/.ccache/2/7/stats.lock
[2026-02-09T16:29:22.383232 45941] Creating /Users/hassoncs/.ccache/2/7/stats.alive
[2026-02-09T16:29:22.383744 45941] Releasing /Users/hassoncs/.ccache/2/7/stats.lock
[2026-02-09T16:29:22.383839 45941] Released /Users/hassoncs/.ccache/2/7/stats.lock
[2026-02-09T16:29:22.383849 45941] Acquiring /Users/hassoncs/.ccache/2/8/stats.lock
[2026-02-09T16:29:22.383927 45941] Acquired /Users/hassoncs/.ccache/2/8/stats.lock
[2026-02-09T16:29:22.383935 45941] Creating /Users/hassoncs/.ccache/2/8/stats.alive
[2026-02-09T16:29:22.384426 45941] Releasing /Users/hassoncs/.ccache/2/8/stats.lock
[2026-02-09T16:29:22.384502 45941] Released /Users/hassoncs/.ccache/2/8/stats.lock
[2026-02-09T16:29:22.384510 45941] Acquiring /Users/hassoncs/.ccache/2/9/stats.lock
[2026-02-09T16:29:22.384577 45941] Acquired /Users/hassoncs/.ccache/2/9/stats.lock
[2026-02-09T16:29:22.384584 45941] Creating /Users/hassoncs/.ccache/2/9/stats.alive
[2026-02-09T16:29:22.394489 45941] Releasing /Users/hassoncs/.ccache/2/9/stats.lock
[2026-02-09T16:29:22.394606 45941] Released /Users/hassoncs/.ccache/2/9/stats.lock
[2026-02-09T16:29:22.394624 45941] Acquiring /Users/hassoncs/.ccache/2/a/stats.lock
[2026-02-09T16:29:22.394732 45941] Acquired /Users/hassoncs/.ccache/2/a/stats.lock
[2026-02-09T16:29:22.394741 45941] Creating /Users/hassoncs/.ccache/2/a/stats.alive
[2026-02-09T16:29:22.395303 45941] Releasing /Users/hassoncs/.ccache/2/a/stats.lock
[2026-02-09T16:29:22.395401 45941] Released /Users/hassoncs/.ccache/2/a/stats.lock
[2026-02-09T16:29:22.395412 45941] Acquiring /Users/hassoncs/.ccache/2/b/stats.lock
[2026-02-09T16:29:22.395505 45941] Acquired /Users/hassoncs/.ccache/2/b/stats.lock
[2026-02-09T16:29:22.395512 45941] Creating /Users/hassoncs/.ccache/2/b/stats.alive
[2026-02-09T16:29:22.396401 45941] Releasing /Users/hassoncs/.ccache/2/b/stats.lock
[2026-02-09T16:29:22.396527 45941] Released /Users/hassoncs/.ccache/2/b/stats.lock
[2026-02-09T16:29:22.396538 45941] Acquiring /Users/hassoncs/.ccache/2/c/stats.lock
[2026-02-09T16:29:22.396634 45941] Acquired /Users/hassoncs/.ccache/2/c/stats.lock
[2026-02-09T16:29:22.396643 45941] Creating /Users/hassoncs/.ccache/2/c/stats.alive
[2026-02-09T16:29:22.400336 45941] Releasing /Users/hassoncs/.ccache/2/c/stats.lock
[2026-02-09T16:29:22.400434 45941] Released /Users/hassoncs/.ccache/2/c/stats.lock
[2026-02-09T16:29:22.400447 45941] Acquiring /Users/hassoncs/.ccache/2/d/stats.lock
[2026-02-09T16:29:22.400528 45941] Acquired /Users/hassoncs/.ccache/2/d/stats.lock
[2026-02-09T16:29:22.400535 45941] Creating /Users/hassoncs/.ccache/2/d/stats.alive
[2026-02-09T16:29:22.401053 45941] Releasing /Users/hassoncs/.ccache/2/d/stats.lock
[2026-02-09T16:29:22.401137 45941] Released /Users/hassoncs/.ccache/2/d/stats.lock
[2026-02-09T16:29:22.401148 45941] Acquiring /Users/hassoncs/.ccache/2/e/stats.lock
[2026-02-09T16:29:22.401221 45941] Acquired /Users/hassoncs/.ccache/2/e/stats.lock
[2026-02-09T16:29:22.401230 45941] Creating /Users/hassoncs/.ccache/2/e/stats.alive
[2026-02-09T16:29:22.401779 45941] Releasing /Users/hassoncs/.ccache/2/e/stats.lock
[2026-02-09T16:29:22.401898 45941] Released /Users/hassoncs/.ccache/2/e/stats.lock
[2026-02-09T16:29:22.401910 45941] Acquiring /Users/hassoncs/.ccache/2/f/stats.lock
[2026-02-09T16:29:22.402009 45941] Acquired /Users/hassoncs/.ccache/2/f/stats.lock
[2026-02-09T16:29:22.402016 45941] Creating /Users/hassoncs/.ccache/2/f/stats.alive
[2026-02-09T16:29:22.404055 45941] Releasing /Users/hassoncs/.ccache/2/f/stats.lock
[2026-02-09T16:29:22.404170 45941] Released /Users/hassoncs/.ccache/2/f/stats.lock
[2026-02-09T16:29:22.404187 45941] Acquiring /Users/hassoncs/.ccache/3/stats.lock
[2026-02-09T16:29:22.404272 45941] Acquired /Users/hassoncs/.ccache/3/stats.lock
[2026-02-09T16:29:22.404280 45941] Creating /Users/hassoncs/.ccache/3/stats.alive
[2026-02-09T16:29:22.404648 45941] Releasing /Users/hassoncs/.ccache/3/stats.lock
[2026-02-09T16:29:22.404722 45941] Released /Users/hassoncs/.ccache/3/stats.lock
[2026-02-09T16:29:22.404730 45941] Acquiring /Users/hassoncs/.ccache/3/0/stats.lock
[2026-02-09T16:29:22.404792 45941] Acquired /Users/hassoncs/.ccache/3/0/stats.lock
[2026-02-09T16:29:22.404798 45941] Creating /Users/hassoncs/.ccache/3/0/stats.alive
[2026-02-09T16:29:22.407944 45941] Releasing /Users/hassoncs/.ccache/3/0/stats.lock
[2026-02-09T16:29:22.408201 45941] Released /Users/hassoncs/.ccache/3/0/stats.lock
[2026-02-09T16:29:22.408239 45941] Acquiring /Users/hassoncs/.ccache/3/1/stats.lock
[2026-02-09T16:29:22.408412 45941] Acquired /Users/hassoncs/.ccache/3/1/stats.lock
[2026-02-09T16:29:22.408425 45941] Creating /Users/hassoncs/.ccache/3/1/stats.alive
[2026-02-09T16:29:22.409202 45941] Releasing /Users/hassoncs/.ccache/3/1/stats.lock
[2026-02-09T16:29:22.409328 45941] Released /Users/hassoncs/.ccache/3/1/stats.lock
[2026-02-09T16:29:22.409342 45941] Acquiring /Users/hassoncs/.ccache/3/2/stats.lock
[2026-02-09T16:29:22.409431 45941] Acquired /Users/hassoncs/.ccache/3/2/stats.lock
[2026-02-09T16:29:22.409442 45941] Creating /Users/hassoncs/.ccache/3/2/stats.alive
[2026-02-09T16:29:22.410040 45941] Releasing /Users/hassoncs/.ccache/3/2/stats.lock
[2026-02-09T16:29:22.410616 45941] Released /Users/hassoncs/.ccache/3/2/stats.lock
[2026-02-09T16:29:22.410629 45941] Acquiring /Users/hassoncs/.ccache/3/3/stats.lock
[2026-02-09T16:29:22.410911 45941] Acquired /Users/hassoncs/.ccache/3/3/stats.lock
[2026-02-09T16:29:22.410943 45941] Creating /Users/hassoncs/.ccache/3/3/stats.alive
[2026-02-09T16:29:22.413230 45941] Releasing /Users/hassoncs/.ccache/3/3/stats.lock
[2026-02-09T16:29:22.413816 45941] Released /Users/hassoncs/.ccache/3/3/stats.lock
[2026-02-09T16:29:22.413855 45941] Acquiring /Users/hassoncs/.ccache/3/4/stats.lock
[2026-02-09T16:29:22.414003 45941] Acquired /Users/hassoncs/.ccache/3/4/stats.lock
[2026-02-09T16:29:22.414018 45941] Creating /Users/hassoncs/.ccache/3/4/stats.alive
[2026-02-09T16:29:22.415627 45941] Releasing /Users/hassoncs/.ccache/3/4/stats.lock
[2026-02-09T16:29:22.415730 45941] Released /Users/hassoncs/.ccache/3/4/stats.lock
[2026-02-09T16:29:22.415742 45941] Acquiring /Users/hassoncs/.ccache/3/5/stats.lock
[2026-02-09T16:29:22.415825 45941] Acquired /Users/hassoncs/.ccache/3/5/stats.lock
[2026-02-09T16:29:22.415833 45941] Creating /Users/hassoncs/.ccache/3/5/stats.alive
[2026-02-09T16:29:22.416385 45941] Releasing /Users/hassoncs/.ccache/3/5/stats.lock
[2026-02-09T16:29:22.416461 45941] Released /Users/hassoncs/.ccache/3/5/stats.lock
[2026-02-09T16:29:22.416470 45941] Acquiring /Users/hassoncs/.ccache/3/6/stats.lock
[2026-02-09T16:29:22.416537 45941] Acquired /Users/hassoncs/.ccache/3/6/stats.lock
[2026-02-09T16:29:22.416544 45941] Creating /Users/hassoncs/.ccache/3/6/stats.alive
[2026-02-09T16:29:22.417101 45941] Releasing /Users/hassoncs/.ccache/3/6/stats.lock
[2026-02-09T16:29:22.417178 45941] Released /Users/hassoncs/.ccache/3/6/stats.lock
[2026-02-09T16:29:22.417186 45941] Acquiring /Users/hassoncs/.ccache/3/7/stats.lock
[2026-02-09T16:29:22.417247 45941] Acquired /Users/hassoncs/.ccache/3/7/stats.lock
[2026-02-09T16:29:22.417253 45941] Creating /Users/hassoncs/.ccache/3/7/stats.alive
[2026-02-09T16:29:22.417742 45941] Releasing /Users/hassoncs/.ccache/3/7/stats.lock
[2026-02-09T16:29:22.417824 45941] Released /Users/hassoncs/.ccache/3/7/stats.lock
[2026-02-09T16:29:22.417833 45941] Acquiring /Users/hassoncs/.ccache/3/8/stats.lock
[2026-02-09T16:29:22.417912 45941] Acquired /Users/hassoncs/.ccache/3/8/stats.lock
[2026-02-09T16:29:22.417919 45941] Creating /Users/hassoncs/.ccache/3/8/stats.alive
[2026-02-09T16:29:22.420002 45941] Releasing /Users/hassoncs/.ccache/3/8/stats.lock
[2026-02-09T16:29:22.422075 45941] Released /Users/hassoncs/.ccache/3/8/stats.lock
[2026-02-09T16:29:22.422099 45941] Acquiring /Users/hassoncs/.ccache/3/9/stats.lock
[2026-02-09T16:29:22.422195 45941] Acquired /Users/hassoncs/.ccache/3/9/stats.lock
[2026-02-09T16:29:22.422204 45941] Creating /Users/hassoncs/.ccache/3/9/stats.alive
[2026-02-09T16:29:22.422893 45941] Releasing /Users/hassoncs/.ccache/3/9/stats.lock
[2026-02-09T16:29:22.422976 45941] Released /Users/hassoncs/.ccache/3/9/stats.lock
[2026-02-09T16:29:22.422985 45941] Acquiring /Users/hassoncs/.ccache/3/a/stats.lock
[2026-02-09T16:29:22.423054 45941] Acquired /Users/hassoncs/.ccache/3/a/stats.lock
[2026-02-09T16:29:22.423060 45941] Creating /Users/hassoncs/.ccache/3/a/stats.alive
[2026-02-09T16:29:22.423434 45941] Releasing /Users/hassoncs/.ccache/3/a/stats.lock
[2026-02-09T16:29:22.423500 45941] Released /Users/hassoncs/.ccache/3/a/stats.lock
[2026-02-09T16:29:22.423507 45941] Acquiring /Users/hassoncs/.ccache/3/b/stats.lock
[2026-02-09T16:29:22.423564 45941] Acquired /Users/hassoncs/.ccache/3/b/stats.lock
[2026-02-09T16:29:22.423569 45941] Creating /Users/hassoncs/.ccache/3/b/stats.alive
[2026-02-09T16:29:22.424002 45941] Releasing /Users/hassoncs/.ccache/3/b/stats.lock
[2026-02-09T16:29:22.424062 45941] Released /Users/hassoncs/.ccache/3/b/stats.lock
[2026-02-09T16:29:22.424069 45941] Acquiring /Users/hassoncs/.ccache/3/c/stats.lock
[2026-02-09T16:29:22.424125 45941] Acquired /Users/hassoncs/.ccache/3/c/stats.lock
[2026-02-09T16:29:22.424130 45941] Creating /Users/hassoncs/.ccache/3/c/stats.alive
[2026-02-09T16:29:22.426199 45941] Releasing /Users/hassoncs/.ccache/3/c/stats.lock
[2026-02-09T16:29:22.426295 45941] Released /Users/hassoncs/.ccache/3/c/stats.lock
[2026-02-09T16:29:22.426308 45941] Acquiring /Users/hassoncs/.ccache/3/d/stats.lock
[2026-02-09T16:29:22.426385 45941] Acquired /Users/hassoncs/.ccache/3/d/stats.lock
[2026-02-09T16:29:22.426393 45941] Creating /Users/hassoncs/.ccache/3/d/stats.alive
[2026-02-09T16:29:22.428222 45941] Releasing /Users/hassoncs/.ccache/3/d/stats.lock
[2026-02-09T16:29:22.428451 45941] Released /Users/hassoncs/.ccache/3/d/stats.lock
[2026-02-09T16:29:22.429475 45941] Acquiring /Users/hassoncs/.ccache/3/e/stats.lock
[2026-02-09T16:29:22.429681 45941] Acquired /Users/hassoncs/.ccache/3/e/stats.lock
[2026-02-09T16:29:22.429697 45941] Creating /Users/hassoncs/.ccache/3/e/stats.alive
[2026-02-09T16:29:22.430366 45941] Releasing /Users/hassoncs/.ccache/3/e/stats.lock
[2026-02-09T16:29:22.430462 45941] Released /Users/hassoncs/.ccache/3/e/stats.lock
[2026-02-09T16:29:22.430471 45941] Acquiring /Users/hassoncs/.ccache/3/f/stats.lock
[2026-02-09T16:29:22.430538 45941] Acquired /Users/hassoncs/.ccache/3/f/stats.lock
[2026-02-09T16:29:22.430544 45941] Creating /Users/hassoncs/.ccache/3/f/stats.alive
[2026-02-09T16:29:22.430856 45941] Releasing /Users/hassoncs/.ccache/3/f/stats.lock
[2026-02-09T16:29:22.430920 45941] Released /Users/hassoncs/.ccache/3/f/stats.lock
[2026-02-09T16:29:22.430927 45941] Acquiring /Users/hassoncs/.ccache/4/stats.lock
[2026-02-09T16:29:22.430985 45941] Acquired /Users/hassoncs/.ccache/4/stats.lock
[2026-02-09T16:29:22.430991 45941] Creating /Users/hassoncs/.ccache/4/stats.alive
[2026-02-09T16:29:22.431260 45941] Releasing /Users/hassoncs/.ccache/4/stats.lock
[2026-02-09T16:29:22.431325 45941] Released /Users/hassoncs/.ccache/4/stats.lock
[2026-02-09T16:29:22.431332 45941] Acquiring /Users/hassoncs/.ccache/4/0/stats.lock
[2026-02-09T16:29:22.431386 45941] Acquired /Users/hassoncs/.ccache/4/0/stats.lock
[2026-02-09T16:29:22.431392 45941] Creating /Users/hassoncs/.ccache/4/0/stats.alive
[2026-02-09T16:29:22.431837 45941] Releasing /Users/hassoncs/.ccache/4/0/stats.lock
[2026-02-09T16:29:22.431897 45941] Released /Users/hassoncs/.ccache/4/0/stats.lock
[2026-02-09T16:29:22.431903 45941] Acquiring /Users/hassoncs/.ccache/4/1/stats.lock
[2026-02-09T16:29:22.431956 45941] Acquired /Users/hassoncs/.ccache/4/1/stats.lock
[2026-02-09T16:29:22.431962 45941] Creating /Users/hassoncs/.ccache/4/1/stats.alive
[2026-02-09T16:29:22.432415 45941] Releasing /Users/hassoncs/.ccache/4/1/stats.lock
[2026-02-09T16:29:22.433716 45941] Released /Users/hassoncs/.ccache/4/1/stats.lock
[2026-02-09T16:29:22.433742 45941] Acquiring /Users/hassoncs/.ccache/4/2/stats.lock
[2026-02-09T16:29:22.433849 45941] Acquired /Users/hassoncs/.ccache/4/2/stats.lock
[2026-02-09T16:29:22.433860 45941] Creating /Users/hassoncs/.ccache/4/2/stats.alive
[2026-02-09T16:29:22.434436 45941] Releasing /Users/hassoncs/.ccache/4/2/stats.lock
[2026-02-09T16:29:22.436054 45941] Released /Users/hassoncs/.ccache/4/2/stats.lock
[2026-02-09T16:29:22.436086 45941] Acquiring /Users/hassoncs/.ccache/4/3/stats.lock
[2026-02-09T16:29:22.436193 45941] Acquired /Users/hassoncs/.ccache/4/3/stats.lock
[2026-02-09T16:29:22.436204 45941] Creating /Users/hassoncs/.ccache/4/3/stats.alive
[2026-02-09T16:29:22.437022 45941] Releasing /Users/hassoncs/.ccache/4/3/stats.lock
[2026-02-09T16:29:22.437108 45941] Released /Users/hassoncs/.ccache/4/3/stats.lock
[2026-02-09T16:29:22.437120 45941] Acquiring /Users/hassoncs/.ccache/4/4/stats.lock
[2026-02-09T16:29:22.437197 45941] Acquired /Users/hassoncs/.ccache/4/4/stats.lock
[2026-02-09T16:29:22.437205 45941] Creating /Users/hassoncs/.ccache/4/4/stats.alive
[2026-02-09T16:29:22.437574 45941] Releasing /Users/hassoncs/.ccache/4/4/stats.lock
[2026-02-09T16:29:22.437663 45941] Released /Users/hassoncs/.ccache/4/4/stats.lock
[2026-02-09T16:29:22.437672 45941] Acquiring /Users/hassoncs/.ccache/4/5/stats.lock
[2026-02-09T16:29:22.437745 45941] Acquired /Users/hassoncs/.ccache/4/5/stats.lock
[2026-02-09T16:29:22.437752 45941] Creating /Users/hassoncs/.ccache/4/5/stats.alive
[2026-02-09T16:29:22.438228 45941] Releasing /Users/hassoncs/.ccache/4/5/stats.lock
[2026-02-09T16:29:22.438307 45941] Released /Users/hassoncs/.ccache/4/5/stats.lock
[2026-02-09T16:29:22.438314 45941] Acquiring /Users/hassoncs/.ccache/4/6/stats.lock
[2026-02-09T16:29:22.438377 45941] Acquired /Users/hassoncs/.ccache/4/6/stats.lock
[2026-02-09T16:29:22.438384 45941] Creating /Users/hassoncs/.ccache/4/6/stats.alive
[2026-02-09T16:29:22.439006 45941] Releasing /Users/hassoncs/.ccache/4/6/stats.lock
[2026-02-09T16:29:22.439122 45941] Released /Users/hassoncs/.ccache/4/6/stats.lock
[2026-02-09T16:29:22.439136 45941] Acquiring /Users/hassoncs/.ccache/4/7/stats.lock
[2026-02-09T16:29:22.439231 45941] Acquired /Users/hassoncs/.ccache/4/7/stats.lock
[2026-02-09T16:29:22.439241 45941] Creating /Users/hassoncs/.ccache/4/7/stats.alive
[2026-02-09T16:29:22.439652 45941] Releasing /Users/hassoncs/.ccache/4/7/stats.lock
[2026-02-09T16:29:22.439750 45941] Released /Users/hassoncs/.ccache/4/7/stats.lock
[2026-02-09T16:29:22.439760 45941] Acquiring /Users/hassoncs/.ccache/4/8/stats.lock
[2026-02-09T16:29:22.439850 45941] Acquired /Users/hassoncs/.ccache/4/8/stats.lock
[2026-02-09T16:29:22.439858 45941] Creating /Users/hassoncs/.ccache/4/8/stats.alive
[2026-02-09T16:29:22.441846 45941] Releasing /Users/hassoncs/.ccache/4/8/stats.lock
[2026-02-09T16:29:22.441950 45941] Released /Users/hassoncs/.ccache/4/8/stats.lock
[2026-02-09T16:29:22.441961 45941] Acquiring /Users/hassoncs/.ccache/4/9/stats.lock
[2026-02-09T16:29:22.442040 45941] Acquired /Users/hassoncs/.ccache/4/9/stats.lock
[2026-02-09T16:29:22.442048 45941] Creating /Users/hassoncs/.ccache/4/9/stats.alive
[2026-02-09T16:29:22.442701 45941] Releasing /Users/hassoncs/.ccache/4/9/stats.lock
[2026-02-09T16:29:22.442805 45941] Released /Users/hassoncs/.ccache/4/9/stats.lock
[2026-02-09T16:29:22.442817 45941] Acquiring /Users/hassoncs/.ccache/4/a/stats.lock
[2026-02-09T16:29:22.442894 45941] Acquired /Users/hassoncs/.ccache/4/a/stats.lock
[2026-02-09T16:29:22.442902 45941] Creating /Users/hassoncs/.ccache/4/a/stats.alive
[2026-02-09T16:29:22.443295 45941] Releasing /Users/hassoncs/.ccache/4/a/stats.lock
[2026-02-09T16:29:22.443395 45941] Released /Users/hassoncs/.ccache/4/a/stats.lock
[2026-02-09T16:29:22.444733 45941] Acquiring /Users/hassoncs/.ccache/4/b/stats.lock
[2026-02-09T16:29:22.444951 45941] Acquired /Users/hassoncs/.ccache/4/b/stats.lock
[2026-02-09T16:29:22.444970 45941] Creating /Users/hassoncs/.ccache/4/b/stats.alive
[2026-02-09T16:29:22.446252 45941] Releasing /Users/hassoncs/.ccache/4/b/stats.lock
[2026-02-09T16:29:22.446354 45941] Released /Users/hassoncs/.ccache/4/b/stats.lock
[2026-02-09T16:29:22.446366 45941] Acquiring /Users/hassoncs/.ccache/4/c/stats.lock
[2026-02-09T16:29:22.446437 45941] Acquired /Users/hassoncs/.ccache/4/c/stats.lock
[2026-02-09T16:29:22.446446 45941] Creating /Users/hassoncs/.ccache/4/c/stats.alive
[2026-02-09T16:29:22.446970 45941] Releasing /Users/hassoncs/.ccache/4/c/stats.lock
[2026-02-09T16:29:22.447039 45941] Released /Users/hassoncs/.ccache/4/c/stats.lock
[2026-02-09T16:29:22.447048 45941] Acquiring /Users/hassoncs/.ccache/4/d/stats.lock
[2026-02-09T16:29:22.447112 45941] Acquired /Users/hassoncs/.ccache/4/d/stats.lock
[2026-02-09T16:29:22.447119 45941] Creating /Users/hassoncs/.ccache/4/d/stats.alive
[2026-02-09T16:29:22.447418 45941] Releasing /Users/hassoncs/.ccache/4/d/stats.lock
[2026-02-09T16:29:22.447484 45941] Released /Users/hassoncs/.ccache/4/d/stats.lock
[2026-02-09T16:29:22.447491 45941] Acquiring /Users/hassoncs/.ccache/4/e/stats.lock
[2026-02-09T16:29:22.447547 45941] Acquired /Users/hassoncs/.ccache/4/e/stats.lock
[2026-02-09T16:29:22.447553 45941] Creating /Users/hassoncs/.ccache/4/e/stats.alive
[2026-02-09T16:29:22.448156 45941] Releasing /Users/hassoncs/.ccache/4/e/stats.lock
[2026-02-09T16:29:22.448252 45941] Released /Users/hassoncs/.ccache/4/e/stats.lock
[2026-02-09T16:29:22.448263 45941] Acquiring /Users/hassoncs/.ccache/4/f/stats.lock
[2026-02-09T16:29:22.448340 45941] Acquired /Users/hassoncs/.ccache/4/f/stats.lock
[2026-02-09T16:29:22.448347 45941] Creating /Users/hassoncs/.ccache/4/f/stats.alive
[2026-02-09T16:29:22.448907 45941] Releasing /Users/hassoncs/.ccache/4/f/stats.lock
[2026-02-09T16:29:22.448997 45941] Released /Users/hassoncs/.ccache/4/f/stats.lock
[2026-02-09T16:29:22.449009 45941] Acquiring /Users/hassoncs/.ccache/5/stats.lock
[2026-02-09T16:29:22.449079 45941] Acquired /Users/hassoncs/.ccache/5/stats.lock
[2026-02-09T16:29:22.449087 45941] Creating /Users/hassoncs/.ccache/5/stats.alive
[2026-02-09T16:29:22.449405 45941] Releasing /Users/hassoncs/.ccache/5/stats.lock
[2026-02-09T16:29:22.449528 45941] Released /Users/hassoncs/.ccache/5/stats.lock
[2026-02-09T16:29:22.449536 45941] Acquiring /Users/hassoncs/.ccache/5/0/stats.lock
[2026-02-09T16:29:22.449596 45941] Acquired /Users/hassoncs/.ccache/5/0/stats.lock
[2026-02-09T16:29:22.449603 45941] Creating /Users/hassoncs/.ccache/5/0/stats.alive
[2026-02-09T16:29:22.449888 45941] Releasing /Users/hassoncs/.ccache/5/0/stats.lock
[2026-02-09T16:29:22.449952 45941] Released /Users/hassoncs/.ccache/5/0/stats.lock
[2026-02-09T16:29:22.449959 45941] Acquiring /Users/hassoncs/.ccache/5/1/stats.lock
[2026-02-09T16:29:22.450049 45941] Acquired /Users/hassoncs/.ccache/5/1/stats.lock
[2026-02-09T16:29:22.450060 45941] Creating /Users/hassoncs/.ccache/5/1/stats.alive
[2026-02-09T16:29:22.450543 45941] Releasing /Users/hassoncs/.ccache/5/1/stats.lock
[2026-02-09T16:29:22.450612 45941] Released /Users/hassoncs/.ccache/5/1/stats.lock
[2026-02-09T16:29:22.450621 45941] Acquiring /Users/hassoncs/.ccache/5/2/stats.lock
[2026-02-09T16:29:22.450695 45941] Acquired /Users/hassoncs/.ccache/5/2/stats.lock
[2026-02-09T16:29:22.450702 45941] Creating /Users/hassoncs/.ccache/5/2/stats.alive
[2026-02-09T16:29:22.451267 45941] Releasing /Users/hassoncs/.ccache/5/2/stats.lock
[2026-02-09T16:29:22.451348 45941] Released /Users/hassoncs/.ccache/5/2/stats.lock
[2026-02-09T16:29:22.452047 45941] Acquiring /Users/hassoncs/.ccache/5/3/stats.lock
[2026-02-09T16:29:22.452158 45941] Acquired /Users/hassoncs/.ccache/5/3/stats.lock
[2026-02-09T16:29:22.452167 45941] Creating /Users/hassoncs/.ccache/5/3/stats.alive
[2026-02-09T16:29:22.453147 45941] Releasing /Users/hassoncs/.ccache/5/3/stats.lock
[2026-02-09T16:29:22.453402 45941] Released /Users/hassoncs/.ccache/5/3/stats.lock
[2026-02-09T16:29:22.453444 45941] Acquiring /Users/hassoncs/.ccache/5/4/stats.lock
[2026-02-09T16:29:22.453640 45941] Acquired /Users/hassoncs/.ccache/5/4/stats.lock
[2026-02-09T16:29:22.453658 45941] Creating /Users/hassoncs/.ccache/5/4/stats.alive
[2026-02-09T16:29:22.454155 45941] Releasing /Users/hassoncs/.ccache/5/4/stats.lock
[2026-02-09T16:29:22.454256 45941] Released /Users/hassoncs/.ccache/5/4/stats.lock
[2026-02-09T16:29:22.454266 45941] Acquiring /Users/hassoncs/.ccache/5/5/stats.lock
[2026-02-09T16:29:22.454350 45941] Acquired /Users/hassoncs/.ccache/5/5/stats.lock
[2026-02-09T16:29:22.454357 45941] Creating /Users/hassoncs/.ccache/5/5/stats.alive
[2026-02-09T16:29:22.454953 45941] Releasing /Users/hassoncs/.ccache/5/5/stats.lock
[2026-02-09T16:29:22.455041 45941] Released /Users/hassoncs/.ccache/5/5/stats.lock
[2026-02-09T16:29:22.455052 45941] Acquiring /Users/hassoncs/.ccache/5/6/stats.lock
[2026-02-09T16:29:22.455125 45941] Acquired /Users/hassoncs/.ccache/5/6/stats.lock
[2026-02-09T16:29:22.455132 45941] Creating /Users/hassoncs/.ccache/5/6/stats.alive
[2026-02-09T16:29:22.455513 45941] Releasing /Users/hassoncs/.ccache/5/6/stats.lock
[2026-02-09T16:29:22.455599 45941] Released /Users/hassoncs/.ccache/5/6/stats.lock
[2026-02-09T16:29:22.455609 45941] Acquiring /Users/hassoncs/.ccache/5/7/stats.lock
[2026-02-09T16:29:22.455678 45941] Acquired /Users/hassoncs/.ccache/5/7/stats.lock
[2026-02-09T16:29:22.455685 45941] Creating /Users/hassoncs/.ccache/5/7/stats.alive
[2026-02-09T16:29:22.456196 45941] Releasing /Users/hassoncs/.ccache/5/7/stats.lock
[2026-02-09T16:29:22.456275 45941] Released /Users/hassoncs/.ccache/5/7/stats.lock
[2026-02-09T16:29:22.456284 45941] Acquiring /Users/hassoncs/.ccache/5/8/stats.lock
[2026-02-09T16:29:22.456344 45941] Acquired /Users/hassoncs/.ccache/5/8/stats.lock
[2026-02-09T16:29:22.456350 45941] Creating /Users/hassoncs/.ccache/5/8/stats.alive
[2026-02-09T16:29:22.456805 45941] Releasing /Users/hassoncs/.ccache/5/8/stats.lock
[2026-02-09T16:29:22.456894 45941] Released /Users/hassoncs/.ccache/5/8/stats.lock
[2026-02-09T16:29:22.456903 45941] Acquiring /Users/hassoncs/.ccache/5/9/stats.lock
[2026-02-09T16:29:22.456973 45941] Acquired /Users/hassoncs/.ccache/5/9/stats.lock
[2026-02-09T16:29:22.456981 45941] Creating /Users/hassoncs/.ccache/5/9/stats.alive
[2026-02-09T16:29:22.457494 45941] Releasing /Users/hassoncs/.ccache/5/9/stats.lock
[2026-02-09T16:29:22.457608 45941] Released /Users/hassoncs/.ccache/5/9/stats.lock
[2026-02-09T16:29:22.457620 45941] Acquiring /Users/hassoncs/.ccache/5/a/stats.lock
[2026-02-09T16:29:22.457700 45941] Acquired /Users/hassoncs/.ccache/5/a/stats.lock
[2026-02-09T16:29:22.457708 45941] Creating /Users/hassoncs/.ccache/5/a/stats.alive
[2026-02-09T16:29:22.458295 45941] Releasing /Users/hassoncs/.ccache/5/a/stats.lock
[2026-02-09T16:29:22.458398 45941] Released /Users/hassoncs/.ccache/5/a/stats.lock
[2026-02-09T16:29:22.458409 45941] Acquiring /Users/hassoncs/.ccache/5/b/stats.lock
[2026-02-09T16:29:22.458527 45941] Acquired /Users/hassoncs/.ccache/5/b/stats.lock
[2026-02-09T16:29:22.458536 45941] Creating /Users/hassoncs/.ccache/5/b/stats.alive
[2026-02-09T16:29:22.459074 45941] Releasing /Users/hassoncs/.ccache/5/b/stats.lock
[2026-02-09T16:29:22.459163 45941] Released /Users/hassoncs/.ccache/5/b/stats.lock
[2026-02-09T16:29:22.459173 45941] Acquiring /Users/hassoncs/.ccache/5/c/stats.lock
[2026-02-09T16:29:22.459250 45941] Acquired /Users/hassoncs/.ccache/5/c/stats.lock
[2026-02-09T16:29:22.459259 45941] Creating /Users/hassoncs/.ccache/5/c/stats.alive
[2026-02-09T16:29:22.459909 45941] Releasing /Users/hassoncs/.ccache/5/c/stats.lock
[2026-02-09T16:29:22.460007 45941] Released /Users/hassoncs/.ccache/5/c/stats.lock
[2026-02-09T16:29:22.460015 45941] Acquiring /Users/hassoncs/.ccache/5/d/stats.lock
[2026-02-09T16:29:22.460207 45941] Acquired /Users/hassoncs/.ccache/5/d/stats.lock
[2026-02-09T16:29:22.460675 45941] Creating /Users/hassoncs/.ccache/5/d/stats.alive
[2026-02-09T16:29:22.461239 45941] Releasing /Users/hassoncs/.ccache/5/d/stats.lock
[2026-02-09T16:29:22.461330 45941] Released /Users/hassoncs/.ccache/5/d/stats.lock
[2026-02-09T16:29:22.461339 45941] Acquiring /Users/hassoncs/.ccache/5/e/stats.lock
[2026-02-09T16:29:22.461412 45941] Acquired /Users/hassoncs/.ccache/5/e/stats.lock
[2026-02-09T16:29:22.461478 45941] Creating /Users/hassoncs/.ccache/5/e/stats.alive
[2026-02-09T16:29:22.463872 45941] Releasing /Users/hassoncs/.ccache/5/e/stats.lock
[2026-02-09T16:29:22.463982 45941] Released /Users/hassoncs/.ccache/5/e/stats.lock
[2026-02-09T16:29:22.463996 45941] Acquiring /Users/hassoncs/.ccache/5/f/stats.lock
[2026-02-09T16:29:22.464083 45941] Acquired /Users/hassoncs/.ccache/5/f/stats.lock
[2026-02-09T16:29:22.464091 45941] Creating /Users/hassoncs/.ccache/5/f/stats.alive
[2026-02-09T16:29:22.464692 45941] Releasing /Users/hassoncs/.ccache/5/f/stats.lock
[2026-02-09T16:29:22.464777 45941] Released /Users/hassoncs/.ccache/5/f/stats.lock
[2026-02-09T16:29:22.464788 45941] Acquiring /Users/hassoncs/.ccache/6/stats.lock
[2026-02-09T16:29:22.464861 45941] Acquired /Users/hassoncs/.ccache/6/stats.lock
[2026-02-09T16:29:22.464869 45941] Creating /Users/hassoncs/.ccache/6/stats.alive
[2026-02-09T16:29:22.465206 45941] Releasing /Users/hassoncs/.ccache/6/stats.lock
[2026-02-09T16:29:22.465278 45941] Released /Users/hassoncs/.ccache/6/stats.lock
[2026-02-09T16:29:22.465286 45941] Acquiring /Users/hassoncs/.ccache/6/0/stats.lock
[2026-02-09T16:29:22.465353 45941] Acquired /Users/hassoncs/.ccache/6/0/stats.lock
[2026-02-09T16:29:22.465360 45941] Creating /Users/hassoncs/.ccache/6/0/stats.alive
[2026-02-09T16:29:22.465676 45941] Releasing /Users/hassoncs/.ccache/6/0/stats.lock
[2026-02-09T16:29:22.465775 45941] Released /Users/hassoncs/.ccache/6/0/stats.lock
[2026-02-09T16:29:22.465784 45941] Acquiring /Users/hassoncs/.ccache/6/1/stats.lock
[2026-02-09T16:29:22.465956 45941] Acquired /Users/hassoncs/.ccache/6/1/stats.lock
[2026-02-09T16:29:22.465971 45941] Creating /Users/hassoncs/.ccache/6/1/stats.alive
[2026-02-09T16:29:22.466621 45941] Releasing /Users/hassoncs/.ccache/6/1/stats.lock
[2026-02-09T16:29:22.466772 45941] Released /Users/hassoncs/.ccache/6/1/stats.lock
[2026-02-09T16:29:22.466790 45941] Acquiring /Users/hassoncs/.ccache/6/2/stats.lock
[2026-02-09T16:29:22.466902 45941] Acquired /Users/hassoncs/.ccache/6/2/stats.lock
[2026-02-09T16:29:22.466912 45941] Creating /Users/hassoncs/.ccache/6/2/stats.alive
[2026-02-09T16:29:22.467419 45941] Releasing /Users/hassoncs/.ccache/6/2/stats.lock
[2026-02-09T16:29:22.471611 45941] Released /Users/hassoncs/.ccache/6/2/stats.lock
[2026-02-09T16:29:22.471638 45941] Acquiring /Users/hassoncs/.ccache/6/3/stats.lock
[2026-02-09T16:29:22.471718 45941] Acquired /Users/hassoncs/.ccache/6/3/stats.lock
[2026-02-09T16:29:22.471727 45941] Creating /Users/hassoncs/.ccache/6/3/stats.alive
[2026-02-09T16:29:22.472363 45941] Releasing /Users/hassoncs/.ccache/6/3/stats.lock
[2026-02-09T16:29:22.472474 45941] Released /Users/hassoncs/.ccache/6/3/stats.lock
[2026-02-09T16:29:22.472485 45941] Acquiring /Users/hassoncs/.ccache/6/4/stats.lock
[2026-02-09T16:29:22.472566 45941] Acquired /Users/hassoncs/.ccache/6/4/stats.lock
[2026-02-09T16:29:22.472573 45941] Creating /Users/hassoncs/.ccache/6/4/stats.alive
[2026-02-09T16:29:22.472946 45941] Releasing /Users/hassoncs/.ccache/6/4/stats.lock
[2026-02-09T16:29:22.473010 45941] Released /Users/hassoncs/.ccache/6/4/stats.lock
[2026-02-09T16:29:22.473018 45941] Acquiring /Users/hassoncs/.ccache/6/5/stats.lock
[2026-02-09T16:29:22.473086 45941] Acquired /Users/hassoncs/.ccache/6/5/stats.lock
[2026-02-09T16:29:22.473092 45941] Creating /Users/hassoncs/.ccache/6/5/stats.alive
[2026-02-09T16:29:22.473524 45941] Releasing /Users/hassoncs/.ccache/6/5/stats.lock
[2026-02-09T16:29:22.473590 45941] Released /Users/hassoncs/.ccache/6/5/stats.lock
[2026-02-09T16:29:22.473597 45941] Acquiring /Users/hassoncs/.ccache/6/6/stats.lock
[2026-02-09T16:29:22.473650 45941] Acquired /Users/hassoncs/.ccache/6/6/stats.lock
[2026-02-09T16:29:22.473656 45941] Creating /Users/hassoncs/.ccache/6/6/stats.alive
[2026-02-09T16:29:22.473954 45941] Releasing /Users/hassoncs/.ccache/6/6/stats.lock
[2026-02-09T16:29:22.474017 45941] Released /Users/hassoncs/.ccache/6/6/stats.lock
[2026-02-09T16:29:22.474023 45941] Acquiring /Users/hassoncs/.ccache/6/7/stats.lock
[2026-02-09T16:29:22.474077 45941] Acquired /Users/hassoncs/.ccache/6/7/stats.lock
[2026-02-09T16:29:22.474083 45941] Creating /Users/hassoncs/.ccache/6/7/stats.alive
[2026-02-09T16:29:22.475205 45941] Releasing /Users/hassoncs/.ccache/6/7/stats.lock
[2026-02-09T16:29:22.475287 45941] Released /Users/hassoncs/.ccache/6/7/stats.lock
[2026-02-09T16:29:22.475298 45941] Acquiring /Users/hassoncs/.ccache/6/8/stats.lock
[2026-02-09T16:29:22.475363 45941] Acquired /Users/hassoncs/.ccache/6/8/stats.lock
[2026-02-09T16:29:22.475370 45941] Creating /Users/hassoncs/.ccache/6/8/stats.alive
[2026-02-09T16:29:22.477065 45941] Releasing /Users/hassoncs/.ccache/6/8/stats.lock
[2026-02-09T16:29:22.477157 45941] Released /Users/hassoncs/.ccache/6/8/stats.lock
[2026-02-09T16:29:22.477167 45941] Acquiring /Users/hassoncs/.ccache/6/9/stats.lock
[2026-02-09T16:29:22.477270 45941] Acquired /Users/hassoncs/.ccache/6/9/stats.lock
[2026-02-09T16:29:22.477983 45941] Creating /Users/hassoncs/.ccache/6/9/stats.alive
[2026-02-09T16:29:22.480065 45941] Releasing /Users/hassoncs/.ccache/6/9/stats.lock
[2026-02-09T16:29:22.480223 45941] Released /Users/hassoncs/.ccache/6/9/stats.lock
[2026-02-09T16:29:22.480238 45941] Acquiring /Users/hassoncs/.ccache/6/a/stats.lock
[2026-02-09T16:29:22.480331 45941] Acquired /Users/hassoncs/.ccache/6/a/stats.lock
[2026-02-09T16:29:22.480339 45941] Creating /Users/hassoncs/.ccache/6/a/stats.alive
[2026-02-09T16:29:22.481031 45941] Releasing /Users/hassoncs/.ccache/6/a/stats.lock
[2026-02-09T16:29:22.481125 45941] Released /Users/hassoncs/.ccache/6/a/stats.lock
[2026-02-09T16:29:22.481137 45941] Acquiring /Users/hassoncs/.ccache/6/b/stats.lock
[2026-02-09T16:29:22.481209 45941] Acquired /Users/hassoncs/.ccache/6/b/stats.lock
[2026-02-09T16:29:22.481217 45941] Creating /Users/hassoncs/.ccache/6/b/stats.alive
[2026-02-09T16:29:22.482067 45941] Releasing /Users/hassoncs/.ccache/6/b/stats.lock
[2026-02-09T16:29:22.482166 45941] Released /Users/hassoncs/.ccache/6/b/stats.lock
[2026-02-09T16:29:22.482177 45941] Acquiring /Users/hassoncs/.ccache/6/c/stats.lock
[2026-02-09T16:29:22.482265 45941] Acquired /Users/hassoncs/.ccache/6/c/stats.lock
[2026-02-09T16:29:22.482273 45941] Creating /Users/hassoncs/.ccache/6/c/stats.alive
[2026-02-09T16:29:22.483225 45941] Releasing /Users/hassoncs/.ccache/6/c/stats.lock
[2026-02-09T16:29:22.483715 45941] Released /Users/hassoncs/.ccache/6/c/stats.lock
[2026-02-09T16:29:22.483734 45941] Acquiring /Users/hassoncs/.ccache/6/d/stats.lock
[2026-02-09T16:29:22.483844 45941] Acquired /Users/hassoncs/.ccache/6/d/stats.lock
[2026-02-09T16:29:22.483855 45941] Creating /Users/hassoncs/.ccache/6/d/stats.alive
[2026-02-09T16:29:22.484879 45941] Releasing /Users/hassoncs/.ccache/6/d/stats.lock
[2026-02-09T16:29:22.484970 45941] Released /Users/hassoncs/.ccache/6/d/stats.lock
[2026-02-09T16:29:22.484980 45941] Acquiring /Users/hassoncs/.ccache/6/e/stats.lock
[2026-02-09T16:29:22.485047 45941] Acquired /Users/hassoncs/.ccache/6/e/stats.lock
[2026-02-09T16:29:22.485055 45941] Creating /Users/hassoncs/.ccache/6/e/stats.alive
[2026-02-09T16:29:22.485818 45941] Releasing /Users/hassoncs/.ccache/6/e/stats.lock
[2026-02-09T16:29:22.485937 45941] Released /Users/hassoncs/.ccache/6/e/stats.lock
[2026-02-09T16:29:22.485947 45941] Acquiring /Users/hassoncs/.ccache/6/f/stats.lock
[2026-02-09T16:29:22.486028 45941] Acquired /Users/hassoncs/.ccache/6/f/stats.lock
[2026-02-09T16:29:22.486036 45941] Creating /Users/hassoncs/.ccache/6/f/stats.alive
[2026-02-09T16:29:22.486881 45941] Releasing /Users/hassoncs/.ccache/6/f/stats.lock
[2026-02-09T16:29:22.486973 45941] Released /Users/hassoncs/.ccache/6/f/stats.lock
[2026-02-09T16:29:22.486983 45941] Acquiring /Users/hassoncs/.ccache/7/stats.lock
[2026-02-09T16:29:22.487056 45941] Acquired /Users/hassoncs/.ccache/7/stats.lock
[2026-02-09T16:29:22.487063 45941] Creating /Users/hassoncs/.ccache/7/stats.alive
[2026-02-09T16:29:22.487762 45941] Releasing /Users/hassoncs/.ccache/7/stats.lock
[2026-02-09T16:29:22.487882 45941] Released /Users/hassoncs/.ccache/7/stats.lock
[2026-02-09T16:29:22.487897 45941] Acquiring /Users/hassoncs/.ccache/7/0/stats.lock
[2026-02-09T16:29:22.487984 45941] Acquired /Users/hassoncs/.ccache/7/0/stats.lock
[2026-02-09T16:29:22.487993 45941] Creating /Users/hassoncs/.ccache/7/0/stats.alive
[2026-02-09T16:29:22.488612 45941] Releasing /Users/hassoncs/.ccache/7/0/stats.lock
[2026-02-09T16:29:22.488702 45941] Released /Users/hassoncs/.ccache/7/0/stats.lock
[2026-02-09T16:29:22.488714 45941] Acquiring /Users/hassoncs/.ccache/7/1/stats.lock
[2026-02-09T16:29:22.488786 45941] Acquired /Users/hassoncs/.ccache/7/1/stats.lock
[2026-02-09T16:29:22.488793 45941] Creating /Users/hassoncs/.ccache/7/1/stats.alive
[2026-02-09T16:29:22.489572 45941] Releasing /Users/hassoncs/.ccache/7/1/stats.lock
[2026-02-09T16:29:22.489656 45941] Released /Users/hassoncs/.ccache/7/1/stats.lock
[2026-02-09T16:29:22.489665 45941] Acquiring /Users/hassoncs/.ccache/7/2/stats.lock
[2026-02-09T16:29:22.489735 45941] Acquired /Users/hassoncs/.ccache/7/2/stats.lock
[2026-02-09T16:29:22.489743 45941] Creating /Users/hassoncs/.ccache/7/2/stats.alive
[2026-02-09T16:29:22.490391 45941] Releasing /Users/hassoncs/.ccache/7/2/stats.lock
[2026-02-09T16:29:22.490502 45941] Released /Users/hassoncs/.ccache/7/2/stats.lock
[2026-02-09T16:29:22.490513 45941] Acquiring /Users/hassoncs/.ccache/7/3/stats.lock
[2026-02-09T16:29:22.490600 45941] Acquired /Users/hassoncs/.ccache/7/3/stats.lock
[2026-02-09T16:29:22.490610 45941] Creating /Users/hassoncs/.ccache/7/3/stats.alive
[2026-02-09T16:29:22.491747 45941] Releasing /Users/hassoncs/.ccache/7/3/stats.lock
[2026-02-09T16:29:22.491908 45941] Released /Users/hassoncs/.ccache/7/3/stats.lock
[2026-02-09T16:29:22.491927 45941] Acquiring /Users/hassoncs/.ccache/7/4/stats.lock
[2026-02-09T16:29:22.492044 45941] Acquired /Users/hassoncs/.ccache/7/4/stats.lock
[2026-02-09T16:29:22.492054 45941] Creating /Users/hassoncs/.ccache/7/4/stats.alive
[2026-02-09T16:29:22.492806 45941] Releasing /Users/hassoncs/.ccache/7/4/stats.lock
[2026-02-09T16:29:22.492930 45941] Released /Users/hassoncs/.ccache/7/4/stats.lock
[2026-02-09T16:29:22.492943 45941] Acquiring /Users/hassoncs/.ccache/7/5/stats.lock
[2026-02-09T16:29:22.493043 45941] Acquired /Users/hassoncs/.ccache/7/5/stats.lock
[2026-02-09T16:29:22.493052 45941] Creating /Users/hassoncs/.ccache/7/5/stats.alive
[2026-02-09T16:29:22.493588 45941] Releasing /Users/hassoncs/.ccache/7/5/stats.lock
[2026-02-09T16:29:22.494917 45941] Released /Users/hassoncs/.ccache/7/5/stats.lock
[2026-02-09T16:29:22.494969 45941] Acquiring /Users/hassoncs/.ccache/7/6/stats.lock
[2026-02-09T16:29:22.495099 45941] Acquired /Users/hassoncs/.ccache/7/6/stats.lock
[2026-02-09T16:29:22.495112 45941] Creating /Users/hassoncs/.ccache/7/6/stats.alive
[2026-02-09T16:29:22.496558 45941] Releasing /Users/hassoncs/.ccache/7/6/stats.lock
[2026-02-09T16:29:22.496676 45941] Released /Users/hassoncs/.ccache/7/6/stats.lock
[2026-02-09T16:29:22.496689 45941] Acquiring /Users/hassoncs/.ccache/7/7/stats.lock
[2026-02-09T16:29:22.496780 45941] Acquired /Users/hassoncs/.ccache/7/7/stats.lock
[2026-02-09T16:29:22.496789 45941] Creating /Users/hassoncs/.ccache/7/7/stats.alive
[2026-02-09T16:29:22.497687 45941] Releasing /Users/hassoncs/.ccache/7/7/stats.lock
[2026-02-09T16:29:22.497853 45941] Released /Users/hassoncs/.ccache/7/7/stats.lock
[2026-02-09T16:29:22.497872 45941] Acquiring /Users/hassoncs/.ccache/7/8/stats.lock
[2026-02-09T16:29:22.497979 45941] Acquired /Users/hassoncs/.ccache/7/8/stats.lock
[2026-02-09T16:29:22.497989 45941] Creating /Users/hassoncs/.ccache/7/8/stats.alive
[2026-02-09T16:29:22.499876 45941] Releasing /Users/hassoncs/.ccache/7/8/stats.lock
[2026-02-09T16:29:22.500056 45941] Released /Users/hassoncs/.ccache/7/8/stats.lock
[2026-02-09T16:29:22.500075 45941] Acquiring /Users/hassoncs/.ccache/7/9/stats.lock
[2026-02-09T16:29:22.500170 45941] Acquired /Users/hassoncs/.ccache/7/9/stats.lock
[2026-02-09T16:29:22.500179 45941] Creating /Users/hassoncs/.ccache/7/9/stats.alive
[2026-02-09T16:29:22.500574 45941] Releasing /Users/hassoncs/.ccache/7/9/stats.lock
[2026-02-09T16:29:22.500655 45941] Released /Users/hassoncs/.ccache/7/9/stats.lock
[2026-02-09T16:29:22.500664 45941] Acquiring /Users/hassoncs/.ccache/7/a/stats.lock
[2026-02-09T16:29:22.500732 45941] Acquired /Users/hassoncs/.ccache/7/a/stats.lock
[2026-02-09T16:29:22.500739 45941] Creating /Users/hassoncs/.ccache/7/a/stats.alive
[2026-02-09T16:29:22.501796 45941] Releasing /Users/hassoncs/.ccache/7/a/stats.lock
[2026-02-09T16:29:22.501886 45941] Released /Users/hassoncs/.ccache/7/a/stats.lock
[2026-02-09T16:29:22.501897 45941] Acquiring /Users/hassoncs/.ccache/7/b/stats.lock
[2026-02-09T16:29:22.503112 45941] Acquired /Users/hassoncs/.ccache/7/b/stats.lock
[2026-02-09T16:29:22.503149 45941] Creating /Users/hassoncs/.ccache/7/b/stats.alive
[2026-02-09T16:29:22.504140 45941] Releasing /Users/hassoncs/.ccache/7/b/stats.lock
[2026-02-09T16:29:22.504254 45941] Released /Users/hassoncs/.ccache/7/b/stats.lock
[2026-02-09T16:29:22.504268 45941] Acquiring /Users/hassoncs/.ccache/7/c/stats.lock
[2026-02-09T16:29:22.504351 45941] Acquired /Users/hassoncs/.ccache/7/c/stats.lock
[2026-02-09T16:29:22.504359 45941] Creating /Users/hassoncs/.ccache/7/c/stats.alive
[2026-02-09T16:29:22.504872 45941] Releasing /Users/hassoncs/.ccache/7/c/stats.lock
[2026-02-09T16:29:22.504942 45941] Released /Users/hassoncs/.ccache/7/c/stats.lock
[2026-02-09T16:29:22.504950 45941] Acquiring /Users/hassoncs/.ccache/7/d/stats.lock
[2026-02-09T16:29:22.505039 45941] Acquired /Users/hassoncs/.ccache/7/d/stats.lock
[2026-02-09T16:29:22.505046 45941] Creating /Users/hassoncs/.ccache/7/d/stats.alive
[2026-02-09T16:29:22.505740 45941] Releasing /Users/hassoncs/.ccache/7/d/stats.lock
[2026-02-09T16:29:22.505836 45941] Released /Users/hassoncs/.ccache/7/d/stats.lock
[2026-02-09T16:29:22.505848 45941] Acquiring /Users/hassoncs/.ccache/7/e/stats.lock
[2026-02-09T16:29:22.505923 45941] Acquired /Users/hassoncs/.ccache/7/e/stats.lock
[2026-02-09T16:29:22.505932 45941] Creating /Users/hassoncs/.ccache/7/e/stats.alive
[2026-02-09T16:29:22.506416 45941] Releasing /Users/hassoncs/.ccache/7/e/stats.lock
[2026-02-09T16:29:22.506488 45941] Released /Users/hassoncs/.ccache/7/e/stats.lock
[2026-02-09T16:29:22.506497 45941] Acquiring /Users/hassoncs/.ccache/7/f/stats.lock
[2026-02-09T16:29:22.506563 45941] Acquired /Users/hassoncs/.ccache/7/f/stats.lock
[2026-02-09T16:29:22.506570 45941] Creating /Users/hassoncs/.ccache/7/f/stats.alive
[2026-02-09T16:29:22.507875 45941] Releasing /Users/hassoncs/.ccache/7/f/stats.lock
[2026-02-09T16:29:22.508023 45941] Released /Users/hassoncs/.ccache/7/f/stats.lock
[2026-02-09T16:29:22.508039 45941] Acquiring /Users/hassoncs/.ccache/8/stats.lock
[2026-02-09T16:29:22.508132 45941] Acquired /Users/hassoncs/.ccache/8/stats.lock
[2026-02-09T16:29:22.508141 45941] Creating /Users/hassoncs/.ccache/8/stats.alive
[2026-02-09T16:29:22.508541 45941] Releasing /Users/hassoncs/.ccache/8/stats.lock
[2026-02-09T16:29:22.508622 45941] Released /Users/hassoncs/.ccache/8/stats.lock
[2026-02-09T16:29:22.508630 45941] Acquiring /Users/hassoncs/.ccache/8/0/stats.lock
[2026-02-09T16:29:22.508699 45941] Acquired /Users/hassoncs/.ccache/8/0/stats.lock
[2026-02-09T16:29:22.508708 45941] Creating /Users/hassoncs/.ccache/8/0/stats.alive
[2026-02-09T16:29:22.509334 45941] Releasing /Users/hassoncs/.ccache/8/0/stats.lock
[2026-02-09T16:29:22.509427 45941] Released /Users/hassoncs/.ccache/8/0/stats.lock
[2026-02-09T16:29:22.509438 45941] Acquiring /Users/hassoncs/.ccache/8/1/stats.lock
[2026-02-09T16:29:22.509510 45941] Acquired /Users/hassoncs/.ccache/8/1/stats.lock
[2026-02-09T16:29:22.509517 45941] Creating /Users/hassoncs/.ccache/8/1/stats.alive
[2026-02-09T16:29:22.510194 45941] Releasing /Users/hassoncs/.ccache/8/1/stats.lock
[2026-02-09T16:29:22.510320 45941] Released /Users/hassoncs/.ccache/8/1/stats.lock
[2026-02-09T16:29:22.510331 45941] Acquiring /Users/hassoncs/.ccache/8/2/stats.lock
[2026-02-09T16:29:22.510420 45941] Acquired /Users/hassoncs/.ccache/8/2/stats.lock
[2026-02-09T16:29:22.510429 45941] Creating /Users/hassoncs/.ccache/8/2/stats.alive
[2026-02-09T16:29:22.511178 45941] Releasing /Users/hassoncs/.ccache/8/2/stats.lock
[2026-02-09T16:29:22.511354 45941] Released /Users/hassoncs/.ccache/8/2/stats.lock
[2026-02-09T16:29:22.511364 45941] Acquiring /Users/hassoncs/.ccache/8/3/stats.lock
[2026-02-09T16:29:22.511452 45941] Acquired /Users/hassoncs/.ccache/8/3/stats.lock
[2026-02-09T16:29:22.511459 45941] Creating /Users/hassoncs/.ccache/8/3/stats.alive
[2026-02-09T16:29:22.512137 45941] Releasing /Users/hassoncs/.ccache/8/3/stats.lock
[2026-02-09T16:29:22.512214 45941] Released /Users/hassoncs/.ccache/8/3/stats.lock
[2026-02-09T16:29:22.512224 45941] Acquiring /Users/hassoncs/.ccache/8/4/stats.lock
[2026-02-09T16:29:22.512293 45941] Acquired /Users/hassoncs/.ccache/8/4/stats.lock
[2026-02-09T16:29:22.512301 45941] Creating /Users/hassoncs/.ccache/8/4/stats.alive
[2026-02-09T16:29:22.512906 45941] Releasing /Users/hassoncs/.ccache/8/4/stats.lock
[2026-02-09T16:29:22.512991 45941] Released /Users/hassoncs/.ccache/8/4/stats.lock
[2026-02-09T16:29:22.512999 45941] Acquiring /Users/hassoncs/.ccache/8/5/stats.lock
[2026-02-09T16:29:22.513065 45941] Acquired /Users/hassoncs/.ccache/8/5/stats.lock
[2026-02-09T16:29:22.513072 45941] Creating /Users/hassoncs/.ccache/8/5/stats.alive
[2026-02-09T16:29:22.513794 45941] Releasing /Users/hassoncs/.ccache/8/5/stats.lock
[2026-02-09T16:29:22.513902 45941] Released /Users/hassoncs/.ccache/8/5/stats.lock
[2026-02-09T16:29:22.513914 45941] Acquiring /Users/hassoncs/.ccache/8/6/stats.lock
[2026-02-09T16:29:22.513993 45941] Acquired /Users/hassoncs/.ccache/8/6/stats.lock
[2026-02-09T16:29:22.514001 45941] Creating /Users/hassoncs/.ccache/8/6/stats.alive
[2026-02-09T16:29:22.515109 45941] Releasing /Users/hassoncs/.ccache/8/6/stats.lock
[2026-02-09T16:29:22.515193 45941] Released /Users/hassoncs/.ccache/8/6/stats.lock
[2026-02-09T16:29:22.515202 45941] Acquiring /Users/hassoncs/.ccache/8/7/stats.lock
[2026-02-09T16:29:22.515273 45941] Acquired /Users/hassoncs/.ccache/8/7/stats.lock
[2026-02-09T16:29:22.515279 45941] Creating /Users/hassoncs/.ccache/8/7/stats.alive
[2026-02-09T16:29:22.515835 45941] Releasing /Users/hassoncs/.ccache/8/7/stats.lock
[2026-02-09T16:29:22.515913 45941] Released /Users/hassoncs/.ccache/8/7/stats.lock
[2026-02-09T16:29:22.515922 45941] Acquiring /Users/hassoncs/.ccache/8/8/stats.lock
[2026-02-09T16:29:22.515984 45941] Acquired /Users/hassoncs/.ccache/8/8/stats.lock
[2026-02-09T16:29:22.515991 45941] Creating /Users/hassoncs/.ccache/8/8/stats.alive
[2026-02-09T16:29:22.516513 45941] Releasing /Users/hassoncs/.ccache/8/8/stats.lock
[2026-02-09T16:29:22.516644 45941] Released /Users/hassoncs/.ccache/8/8/stats.lock
[2026-02-09T16:29:22.516661 45941] Acquiring /Users/hassoncs/.ccache/8/9/stats.lock
[2026-02-09T16:29:22.516734 45941] Acquired /Users/hassoncs/.ccache/8/9/stats.lock
[2026-02-09T16:29:22.516742 45941] Creating /Users/hassoncs/.ccache/8/9/stats.alive
[2026-02-09T16:29:22.517492 45941] Releasing /Users/hassoncs/.ccache/8/9/stats.lock
[2026-02-09T16:29:22.517564 45941] Released /Users/hassoncs/.ccache/8/9/stats.lock
[2026-02-09T16:29:22.517573 45941] Acquiring /Users/hassoncs/.ccache/8/a/stats.lock
[2026-02-09T16:29:22.517635 45941] Acquired /Users/hassoncs/.ccache/8/a/stats.lock
[2026-02-09T16:29:22.517641 45941] Creating /Users/hassoncs/.ccache/8/a/stats.alive
[2026-02-09T16:29:22.518274 45941] Releasing /Users/hassoncs/.ccache/8/a/stats.lock
[2026-02-09T16:29:22.518369 45941] Released /Users/hassoncs/.ccache/8/a/stats.lock
[2026-02-09T16:29:22.518380 45941] Acquiring /Users/hassoncs/.ccache/8/b/stats.lock
[2026-02-09T16:29:22.518453 45941] Acquired /Users/hassoncs/.ccache/8/b/stats.lock
[2026-02-09T16:29:22.518461 45941] Creating /Users/hassoncs/.ccache/8/b/stats.alive
[2026-02-09T16:29:22.519976 45941] Releasing /Users/hassoncs/.ccache/8/b/stats.lock
[2026-02-09T16:29:22.520150 45941] Released /Users/hassoncs/.ccache/8/b/stats.lock
[2026-02-09T16:29:22.520173 45941] Acquiring /Users/hassoncs/.ccache/8/c/stats.lock
[2026-02-09T16:29:22.520290 45941] Acquired /Users/hassoncs/.ccache/8/c/stats.lock
[2026-02-09T16:29:22.520301 45941] Creating /Users/hassoncs/.ccache/8/c/stats.alive
[2026-02-09T16:29:22.521089 45941] Releasing /Users/hassoncs/.ccache/8/c/stats.lock
[2026-02-09T16:29:22.521216 45941] Released /Users/hassoncs/.ccache/8/c/stats.lock
[2026-02-09T16:29:22.521230 45941] Acquiring /Users/hassoncs/.ccache/8/d/stats.lock
[2026-02-09T16:29:22.521321 45941] Acquired /Users/hassoncs/.ccache/8/d/stats.lock
[2026-02-09T16:29:22.521329 45941] Creating /Users/hassoncs/.ccache/8/d/stats.alive
[2026-02-09T16:29:22.521915 45941] Releasing /Users/hassoncs/.ccache/8/d/stats.lock
[2026-02-09T16:29:22.522009 45941] Released /Users/hassoncs/.ccache/8/d/stats.lock
[2026-02-09T16:29:22.522020 45941] Acquiring /Users/hassoncs/.ccache/8/e/stats.lock
[2026-02-09T16:29:22.522107 45941] Acquired /Users/hassoncs/.ccache/8/e/stats.lock
[2026-02-09T16:29:22.522115 45941] Creating /Users/hassoncs/.ccache/8/e/stats.alive
[2026-02-09T16:29:22.522834 45941] Releasing /Users/hassoncs/.ccache/8/e/stats.lock
[2026-02-09T16:29:22.522906 45941] Released /Users/hassoncs/.ccache/8/e/stats.lock
[2026-02-09T16:29:22.522914 45941] Acquiring /Users/hassoncs/.ccache/8/f/stats.lock
[2026-02-09T16:29:22.522978 45941] Acquired /Users/hassoncs/.ccache/8/f/stats.lock
[2026-02-09T16:29:22.522984 45941] Creating /Users/hassoncs/.ccache/8/f/stats.alive
[2026-02-09T16:29:22.523467 45941] Releasing /Users/hassoncs/.ccache/8/f/stats.lock
[2026-02-09T16:29:22.523553 45941] Released /Users/hassoncs/.ccache/8/f/stats.lock
[2026-02-09T16:29:22.523561 45941] Acquiring /Users/hassoncs/.ccache/9/stats.lock
[2026-02-09T16:29:22.523627 45941] Acquired /Users/hassoncs/.ccache/9/stats.lock
[2026-02-09T16:29:22.523633 45941] Creating /Users/hassoncs/.ccache/9/stats.alive
[2026-02-09T16:29:22.523998 45941] Releasing /Users/hassoncs/.ccache/9/stats.lock
[2026-02-09T16:29:22.524094 45941] Released /Users/hassoncs/.ccache/9/stats.lock
[2026-02-09T16:29:22.524104 45941] Acquiring /Users/hassoncs/.ccache/9/0/stats.lock
[2026-02-09T16:29:22.524170 45941] Acquired /Users/hassoncs/.ccache/9/0/stats.lock
[2026-02-09T16:29:22.524178 45941] Creating /Users/hassoncs/.ccache/9/0/stats.alive
[2026-02-09T16:29:22.526115 45941] Releasing /Users/hassoncs/.ccache/9/0/stats.lock
[2026-02-09T16:29:22.526213 45941] Released /Users/hassoncs/.ccache/9/0/stats.lock
[2026-02-09T16:29:22.526224 45941] Acquiring /Users/hassoncs/.ccache/9/1/stats.lock
[2026-02-09T16:29:22.526307 45941] Acquired /Users/hassoncs/.ccache/9/1/stats.lock
[2026-02-09T16:29:22.526315 45941] Creating /Users/hassoncs/.ccache/9/1/stats.alive
[2026-02-09T16:29:22.527811 45941] Releasing /Users/hassoncs/.ccache/9/1/stats.lock
[2026-02-09T16:29:22.528149 45941] Released /Users/hassoncs/.ccache/9/1/stats.lock
[2026-02-09T16:29:22.528163 45941] Acquiring /Users/hassoncs/.ccache/9/2/stats.lock
[2026-02-09T16:29:22.528348 45941] Acquired /Users/hassoncs/.ccache/9/2/stats.lock
[2026-02-09T16:29:22.528381 45941] Creating /Users/hassoncs/.ccache/9/2/stats.alive
[2026-02-09T16:29:22.530208 45941] Releasing /Users/hassoncs/.ccache/9/2/stats.lock
[2026-02-09T16:29:22.530318 45941] Released /Users/hassoncs/.ccache/9/2/stats.lock
[2026-02-09T16:29:22.530330 45941] Acquiring /Users/hassoncs/.ccache/9/3/stats.lock
[2026-02-09T16:29:22.530408 45941] Acquired /Users/hassoncs/.ccache/9/3/stats.lock
[2026-02-09T16:29:22.530416 45941] Creating /Users/hassoncs/.ccache/9/3/stats.alive
[2026-02-09T16:29:22.531149 45941] Releasing /Users/hassoncs/.ccache/9/3/stats.lock
[2026-02-09T16:29:22.531270 45941] Released /Users/hassoncs/.ccache/9/3/stats.lock
[2026-02-09T16:29:22.531281 45941] Acquiring /Users/hassoncs/.ccache/9/4/stats.lock
[2026-02-09T16:29:22.531352 45941] Acquired /Users/hassoncs/.ccache/9/4/stats.lock
[2026-02-09T16:29:22.531360 45941] Creating /Users/hassoncs/.ccache/9/4/stats.alive
[2026-02-09T16:29:22.532004 45941] Releasing /Users/hassoncs/.ccache/9/4/stats.lock
[2026-02-09T16:29:22.532117 45941] Released /Users/hassoncs/.ccache/9/4/stats.lock
[2026-02-09T16:29:22.532127 45941] Acquiring /Users/hassoncs/.ccache/9/5/stats.lock
[2026-02-09T16:29:22.532195 45941] Acquired /Users/hassoncs/.ccache/9/5/stats.lock
[2026-02-09T16:29:22.532202 45941] Creating /Users/hassoncs/.ccache/9/5/stats.alive
[2026-02-09T16:29:22.533554 45941] Releasing /Users/hassoncs/.ccache/9/5/stats.lock
[2026-02-09T16:29:22.533686 45941] Released /Users/hassoncs/.ccache/9/5/stats.lock
[2026-02-09T16:29:22.533698 45941] Acquiring /Users/hassoncs/.ccache/9/6/stats.lock
[2026-02-09T16:29:22.533784 45941] Acquired /Users/hassoncs/.ccache/9/6/stats.lock
[2026-02-09T16:29:22.533792 45941] Creating /Users/hassoncs/.ccache/9/6/stats.alive
[2026-02-09T16:29:22.534491 45941] Releasing /Users/hassoncs/.ccache/9/6/stats.lock
[2026-02-09T16:29:22.534579 45941] Released /Users/hassoncs/.ccache/9/6/stats.lock
[2026-02-09T16:29:22.534589 45941] Acquiring /Users/hassoncs/.ccache/9/7/stats.lock
[2026-02-09T16:29:22.534662 45941] Acquired /Users/hassoncs/.ccache/9/7/stats.lock
[2026-02-09T16:29:22.534671 45941] Creating /Users/hassoncs/.ccache/9/7/stats.alive
[2026-02-09T16:29:22.535504 45941] Releasing /Users/hassoncs/.ccache/9/7/stats.lock
[2026-02-09T16:29:22.535642 45941] Released /Users/hassoncs/.ccache/9/7/stats.lock
[2026-02-09T16:29:22.535653 45941] Acquiring /Users/hassoncs/.ccache/9/8/stats.lock
[2026-02-09T16:29:22.535802 45941] Acquired /Users/hassoncs/.ccache/9/8/stats.lock
[2026-02-09T16:29:22.535819 45941] Creating /Users/hassoncs/.ccache/9/8/stats.alive
[2026-02-09T16:29:22.537092 45941] Releasing /Users/hassoncs/.ccache/9/8/stats.lock
[2026-02-09T16:29:22.537382 45941] Released /Users/hassoncs/.ccache/9/8/stats.lock
[2026-02-09T16:29:22.537396 45941] Acquiring /Users/hassoncs/.ccache/9/9/stats.lock
[2026-02-09T16:29:22.537488 45941] Acquired /Users/hassoncs/.ccache/9/9/stats.lock
[2026-02-09T16:29:22.537497 45941] Creating /Users/hassoncs/.ccache/9/9/stats.alive
[2026-02-09T16:29:22.538157 45941] Releasing /Users/hassoncs/.ccache/9/9/stats.lock
[2026-02-09T16:29:22.538271 45941] Released /Users/hassoncs/.ccache/9/9/stats.lock
[2026-02-09T16:29:22.538282 45941] Acquiring /Users/hassoncs/.ccache/9/a/stats.lock
[2026-02-09T16:29:22.538374 45941] Acquired /Users/hassoncs/.ccache/9/a/stats.lock
[2026-02-09T16:29:22.538383 45941] Creating /Users/hassoncs/.ccache/9/a/stats.alive
[2026-02-09T16:29:22.539032 45941] Releasing /Users/hassoncs/.ccache/9/a/stats.lock
[2026-02-09T16:29:22.539159 45941] Released /Users/hassoncs/.ccache/9/a/stats.lock
[2026-02-09T16:29:22.539169 45941] Acquiring /Users/hassoncs/.ccache/9/b/stats.lock
[2026-02-09T16:29:22.539270 45941] Acquired /Users/hassoncs/.ccache/9/b/stats.lock
[2026-02-09T16:29:22.539279 45941] Creating /Users/hassoncs/.ccache/9/b/stats.alive
[2026-02-09T16:29:22.540082 45941] Releasing /Users/hassoncs/.ccache/9/b/stats.lock
[2026-02-09T16:29:22.540191 45941] Released /Users/hassoncs/.ccache/9/b/stats.lock
[2026-02-09T16:29:22.540202 45941] Acquiring /Users/hassoncs/.ccache/9/c/stats.lock
[2026-02-09T16:29:22.540285 45941] Acquired /Users/hassoncs/.ccache/9/c/stats.lock
[2026-02-09T16:29:22.540293 45941] Creating /Users/hassoncs/.ccache/9/c/stats.alive
[2026-02-09T16:29:22.540791 45941] Releasing /Users/hassoncs/.ccache/9/c/stats.lock
[2026-02-09T16:29:22.540855 45941] Released /Users/hassoncs/.ccache/9/c/stats.lock
[2026-02-09T16:29:22.540863 45941] Acquiring /Users/hassoncs/.ccache/9/d/stats.lock
[2026-02-09T16:29:22.540919 45941] Acquired /Users/hassoncs/.ccache/9/d/stats.lock
[2026-02-09T16:29:22.540925 45941] Creating /Users/hassoncs/.ccache/9/d/stats.alive
[2026-02-09T16:29:22.541640 45941] Releasing /Users/hassoncs/.ccache/9/d/stats.lock
[2026-02-09T16:29:22.541724 45941] Released /Users/hassoncs/.ccache/9/d/stats.lock
[2026-02-09T16:29:22.541734 45941] Acquiring /Users/hassoncs/.ccache/9/e/stats.lock
[2026-02-09T16:29:22.541805 45941] Acquired /Users/hassoncs/.ccache/9/e/stats.lock
[2026-02-09T16:29:22.541812 45941] Creating /Users/hassoncs/.ccache/9/e/stats.alive
[2026-02-09T16:29:22.542302 45941] Releasing /Users/hassoncs/.ccache/9/e/stats.lock
[2026-02-09T16:29:22.542386 45941] Released /Users/hassoncs/.ccache/9/e/stats.lock
[2026-02-09T16:29:22.542394 45941] Acquiring /Users/hassoncs/.ccache/9/f/stats.lock
[2026-02-09T16:29:22.542470 45941] Acquired /Users/hassoncs/.ccache/9/f/stats.lock
[2026-02-09T16:29:22.542477 45941] Creating /Users/hassoncs/.ccache/9/f/stats.alive
[2026-02-09T16:29:22.543074 45941] Releasing /Users/hassoncs/.ccache/9/f/stats.lock
[2026-02-09T16:29:22.543138 45941] Released /Users/hassoncs/.ccache/9/f/stats.lock
[2026-02-09T16:29:22.543145 45941] Acquiring /Users/hassoncs/.ccache/a/stats.lock
[2026-02-09T16:29:22.543200 45941] Acquired /Users/hassoncs/.ccache/a/stats.lock
[2026-02-09T16:29:22.543206 45941] Creating /Users/hassoncs/.ccache/a/stats.alive
[2026-02-09T16:29:22.543516 45941] Releasing /Users/hassoncs/.ccache/a/stats.lock
[2026-02-09T16:29:22.543580 45941] Released /Users/hassoncs/.ccache/a/stats.lock
[2026-02-09T16:29:22.543587 45941] Acquiring /Users/hassoncs/.ccache/a/0/stats.lock
[2026-02-09T16:29:22.543642 45941] Acquired /Users/hassoncs/.ccache/a/0/stats.lock
[2026-02-09T16:29:22.543648 45941] Creating /Users/hassoncs/.ccache/a/0/stats.alive
[2026-02-09T16:29:22.544202 45941] Releasing /Users/hassoncs/.ccache/a/0/stats.lock
[2026-02-09T16:29:22.544279 45941] Released /Users/hassoncs/.ccache/a/0/stats.lock
[2026-02-09T16:29:22.544287 45941] Acquiring /Users/hassoncs/.ccache/a/1/stats.lock
[2026-02-09T16:29:22.544353 45941] Acquired /Users/hassoncs/.ccache/a/1/stats.lock
[2026-02-09T16:29:22.544360 45941] Creating /Users/hassoncs/.ccache/a/1/stats.alive
[2026-02-09T16:29:22.544825 45941] Releasing /Users/hassoncs/.ccache/a/1/stats.lock
[2026-02-09T16:29:22.544903 45941] Released /Users/hassoncs/.ccache/a/1/stats.lock
[2026-02-09T16:29:22.544911 45941] Acquiring /Users/hassoncs/.ccache/a/2/stats.lock
[2026-02-09T16:29:22.544971 45941] Acquired /Users/hassoncs/.ccache/a/2/stats.lock
[2026-02-09T16:29:22.544977 45941] Creating /Users/hassoncs/.ccache/a/2/stats.alive
[2026-02-09T16:29:22.546001 45941] Releasing /Users/hassoncs/.ccache/a/2/stats.lock
[2026-02-09T16:29:22.546091 45941] Released /Users/hassoncs/.ccache/a/2/stats.lock
[2026-02-09T16:29:22.546103 45941] Acquiring /Users/hassoncs/.ccache/a/3/stats.lock
[2026-02-09T16:29:22.546168 45941] Acquired /Users/hassoncs/.ccache/a/3/stats.lock
[2026-02-09T16:29:22.546175 45941] Creating /Users/hassoncs/.ccache/a/3/stats.alive
[2026-02-09T16:29:22.547137 45941] Releasing /Users/hassoncs/.ccache/a/3/stats.lock
[2026-02-09T16:29:22.547242 45941] Released /Users/hassoncs/.ccache/a/3/stats.lock
[2026-02-09T16:29:22.547252 45941] Acquiring /Users/hassoncs/.ccache/a/4/stats.lock
[2026-02-09T16:29:22.547326 45941] Acquired /Users/hassoncs/.ccache/a/4/stats.lock
[2026-02-09T16:29:22.547332 45941] Creating /Users/hassoncs/.ccache/a/4/stats.alive
[2026-02-09T16:29:22.548168 45941] Releasing /Users/hassoncs/.ccache/a/4/stats.lock
[2026-02-09T16:29:22.548250 45941] Released /Users/hassoncs/.ccache/a/4/stats.lock
[2026-02-09T16:29:22.548260 45941] Acquiring /Users/hassoncs/.ccache/a/5/stats.lock
[2026-02-09T16:29:22.548322 45941] Acquired /Users/hassoncs/.ccache/a/5/stats.lock
[2026-02-09T16:29:22.548329 45941] Creating /Users/hassoncs/.ccache/a/5/stats.alive
[2026-02-09T16:29:22.548642 45941] Releasing /Users/hassoncs/.ccache/a/5/stats.lock
[2026-02-09T16:29:22.548709 45941] Released /Users/hassoncs/.ccache/a/5/stats.lock
[2026-02-09T16:29:22.548716 45941] Acquiring /Users/hassoncs/.ccache/a/6/stats.lock
[2026-02-09T16:29:22.548779 45941] Acquired /Users/hassoncs/.ccache/a/6/stats.lock
[2026-02-09T16:29:22.548785 45941] Creating /Users/hassoncs/.ccache/a/6/stats.alive
[2026-02-09T16:29:22.549245 45941] Releasing /Users/hassoncs/.ccache/a/6/stats.lock
[2026-02-09T16:29:22.549330 45941] Released /Users/hassoncs/.ccache/a/6/stats.lock
[2026-02-09T16:29:22.549338 45941] Acquiring /Users/hassoncs/.ccache/a/7/stats.lock
[2026-02-09T16:29:22.549397 45941] Acquired /Users/hassoncs/.ccache/a/7/stats.lock
[2026-02-09T16:29:22.549588 45941] Creating /Users/hassoncs/.ccache/a/7/stats.alive
[2026-02-09T16:29:22.550462 45941] Releasing /Users/hassoncs/.ccache/a/7/stats.lock
[2026-02-09T16:29:22.550563 45941] Released /Users/hassoncs/.ccache/a/7/stats.lock
[2026-02-09T16:29:22.550575 45941] Acquiring /Users/hassoncs/.ccache/a/8/stats.lock
[2026-02-09T16:29:22.550657 45941] Acquired /Users/hassoncs/.ccache/a/8/stats.lock
[2026-02-09T16:29:22.550665 45941] Creating /Users/hassoncs/.ccache/a/8/stats.alive
[2026-02-09T16:29:22.551258 45941] Releasing /Users/hassoncs/.ccache/a/8/stats.lock
[2026-02-09T16:29:22.551335 45941] Released /Users/hassoncs/.ccache/a/8/stats.lock
[2026-02-09T16:29:22.551343 45941] Acquiring /Users/hassoncs/.ccache/a/9/stats.lock
[2026-02-09T16:29:22.551411 45941] Acquired /Users/hassoncs/.ccache/a/9/stats.lock
[2026-02-09T16:29:22.551418 45941] Creating /Users/hassoncs/.ccache/a/9/stats.alive
[2026-02-09T16:29:22.552043 45941] Releasing /Users/hassoncs/.ccache/a/9/stats.lock
[2026-02-09T16:29:22.552113 45941] Released /Users/hassoncs/.ccache/a/9/stats.lock
[2026-02-09T16:29:22.552120 45941] Acquiring /Users/hassoncs/.ccache/a/a/stats.lock
[2026-02-09T16:29:22.552446 45941] Acquired /Users/hassoncs/.ccache/a/a/stats.lock
[2026-02-09T16:29:22.552485 45941] Creating /Users/hassoncs/.ccache/a/a/stats.alive
[2026-02-09T16:29:22.553819 45941] Releasing /Users/hassoncs/.ccache/a/a/stats.lock
[2026-02-09T16:29:22.553922 45941] Released /Users/hassoncs/.ccache/a/a/stats.lock
[2026-02-09T16:29:22.553935 45941] Acquiring /Users/hassoncs/.ccache/a/b/stats.lock
[2026-02-09T16:29:22.554017 45941] Acquired /Users/hassoncs/.ccache/a/b/stats.lock
[2026-02-09T16:29:22.554025 45941] Creating /Users/hassoncs/.ccache/a/b/stats.alive
[2026-02-09T16:29:22.554538 45941] Releasing /Users/hassoncs/.ccache/a/b/stats.lock
[2026-02-09T16:29:22.554612 45941] Released /Users/hassoncs/.ccache/a/b/stats.lock
[2026-02-09T16:29:22.554621 45941] Acquiring /Users/hassoncs/.ccache/a/c/stats.lock
[2026-02-09T16:29:22.554687 45941] Acquired /Users/hassoncs/.ccache/a/c/stats.lock
[2026-02-09T16:29:22.554694 45941] Creating /Users/hassoncs/.ccache/a/c/stats.alive
[2026-02-09T16:29:22.555321 45941] Releasing /Users/hassoncs/.ccache/a/c/stats.lock
[2026-02-09T16:29:22.555661 45941] Released /Users/hassoncs/.ccache/a/c/stats.lock
[2026-02-09T16:29:22.555677 45941] Acquiring /Users/hassoncs/.ccache/a/d/stats.lock
[2026-02-09T16:29:22.555759 45941] Acquired /Users/hassoncs/.ccache/a/d/stats.lock
[2026-02-09T16:29:22.555767 45941] Creating /Users/hassoncs/.ccache/a/d/stats.alive
[2026-02-09T16:29:22.557847 45941] Releasing /Users/hassoncs/.ccache/a/d/stats.lock
[2026-02-09T16:29:22.558299 45941] Released /Users/hassoncs/.ccache/a/d/stats.lock
[2026-02-09T16:29:22.558317 45941] Acquiring /Users/hassoncs/.ccache/a/e/stats.lock
[2026-02-09T16:29:22.558721 45941] Acquired /Users/hassoncs/.ccache/a/e/stats.lock
[2026-02-09T16:29:22.558755 45941] Creating /Users/hassoncs/.ccache/a/e/stats.alive
[2026-02-09T16:29:22.559824 45941] Releasing /Users/hassoncs/.ccache/a/e/stats.lock
[2026-02-09T16:29:22.559921 45941] Released /Users/hassoncs/.ccache/a/e/stats.lock
[2026-02-09T16:29:22.559931 45941] Acquiring /Users/hassoncs/.ccache/a/f/stats.lock
[2026-02-09T16:29:22.560009 45941] Acquired /Users/hassoncs/.ccache/a/f/stats.lock
[2026-02-09T16:29:22.560017 45941] Creating /Users/hassoncs/.ccache/a/f/stats.alive
[2026-02-09T16:29:22.562344 45941] Releasing /Users/hassoncs/.ccache/a/f/stats.lock
[2026-02-09T16:29:22.562474 45941] Released /Users/hassoncs/.ccache/a/f/stats.lock
[2026-02-09T16:29:22.562489 45941] Acquiring /Users/hassoncs/.ccache/b/stats.lock
[2026-02-09T16:29:22.562592 45941] Acquired /Users/hassoncs/.ccache/b/stats.lock
[2026-02-09T16:29:22.562602 45941] Creating /Users/hassoncs/.ccache/b/stats.alive
[2026-02-09T16:29:22.564481 45941] Releasing /Users/hassoncs/.ccache/b/stats.lock
[2026-02-09T16:29:22.564587 45941] Released /Users/hassoncs/.ccache/b/stats.lock
[2026-02-09T16:29:22.564600 45941] Acquiring /Users/hassoncs/.ccache/b/0/stats.lock
[2026-02-09T16:29:22.564680 45941] Acquired /Users/hassoncs/.ccache/b/0/stats.lock
[2026-02-09T16:29:22.564688 45941] Creating /Users/hassoncs/.ccache/b/0/stats.alive
[2026-02-09T16:29:22.565251 45941] Releasing /Users/hassoncs/.ccache/b/0/stats.lock
[2026-02-09T16:29:22.565329 45941] Released /Users/hassoncs/.ccache/b/0/stats.lock
[2026-02-09T16:29:22.565339 45941] Acquiring /Users/hassoncs/.ccache/b/1/stats.lock
[2026-02-09T16:29:22.565407 45941] Acquired /Users/hassoncs/.ccache/b/1/stats.lock
[2026-02-09T16:29:22.565414 45941] Creating /Users/hassoncs/.ccache/b/1/stats.alive
[2026-02-09T16:29:22.565913 45941] Releasing /Users/hassoncs/.ccache/b/1/stats.lock
[2026-02-09T16:29:22.566598 45941] Released /Users/hassoncs/.ccache/b/1/stats.lock
[2026-02-09T16:29:22.566610 45941] Acquiring /Users/hassoncs/.ccache/b/2/stats.lock
[2026-02-09T16:29:22.566689 45941] Acquired /Users/hassoncs/.ccache/b/2/stats.lock
[2026-02-09T16:29:22.566696 45941] Creating /Users/hassoncs/.ccache/b/2/stats.alive
[2026-02-09T16:29:22.567277 45941] Releasing /Users/hassoncs/.ccache/b/2/stats.lock
[2026-02-09T16:29:22.567344 45941] Released /Users/hassoncs/.ccache/b/2/stats.lock
[2026-02-09T16:29:22.567352 45941] Acquiring /Users/hassoncs/.ccache/b/3/stats.lock
[2026-02-09T16:29:22.567415 45941] Acquired /Users/hassoncs/.ccache/b/3/stats.lock
[2026-02-09T16:29:22.567422 45941] Creating /Users/hassoncs/.ccache/b/3/stats.alive
[2026-02-09T16:29:22.568331 45941] Releasing /Users/hassoncs/.ccache/b/3/stats.lock
[2026-02-09T16:29:22.568422 45941] Released /Users/hassoncs/.ccache/b/3/stats.lock
[2026-02-09T16:29:22.568687 45941] Acquiring /Users/hassoncs/.ccache/b/4/stats.lock
[2026-02-09T16:29:22.568953 45941] Acquired /Users/hassoncs/.ccache/b/4/stats.lock
[2026-02-09T16:29:22.568999 45941] Creating /Users/hassoncs/.ccache/b/4/stats.alive
[2026-02-09T16:29:22.569574 45941] Releasing /Users/hassoncs/.ccache/b/4/stats.lock
[2026-02-09T16:29:22.569656 45941] Released /Users/hassoncs/.ccache/b/4/stats.lock
[2026-02-09T16:29:22.569665 45941] Acquiring /Users/hassoncs/.ccache/b/5/stats.lock
[2026-02-09T16:29:22.569734 45941] Acquired /Users/hassoncs/.ccache/b/5/stats.lock
[2026-02-09T16:29:22.569742 45941] Creating /Users/hassoncs/.ccache/b/5/stats.alive
[2026-02-09T16:29:22.570544 45941] Releasing /Users/hassoncs/.ccache/b/5/stats.lock
[2026-02-09T16:29:22.570672 45941] Released /Users/hassoncs/.ccache/b/5/stats.lock
[2026-02-09T16:29:22.570740 45941] Acquiring /Users/hassoncs/.ccache/b/6/stats.lock
[2026-02-09T16:29:22.570832 45941] Acquired /Users/hassoncs/.ccache/b/6/stats.lock
[2026-02-09T16:29:22.570870 45941] Creating /Users/hassoncs/.ccache/b/6/stats.alive
[2026-02-09T16:29:22.571419 45941] Releasing /Users/hassoncs/.ccache/b/6/stats.lock
[2026-02-09T16:29:22.571486 45941] Released /Users/hassoncs/.ccache/b/6/stats.lock
[2026-02-09T16:29:22.571495 45941] Acquiring /Users/hassoncs/.ccache/b/7/stats.lock
[2026-02-09T16:29:22.571554 45941] Acquired /Users/hassoncs/.ccache/b/7/stats.lock
[2026-02-09T16:29:22.571560 45941] Creating /Users/hassoncs/.ccache/b/7/stats.alive
[2026-02-09T16:29:22.572430 45941] Releasing /Users/hassoncs/.ccache/b/7/stats.lock
[2026-02-09T16:29:22.572521 45941] Released /Users/hassoncs/.ccache/b/7/stats.lock
[2026-02-09T16:29:22.572531 45941] Acquiring /Users/hassoncs/.ccache/b/8/stats.lock
[2026-02-09T16:29:22.572612 45941] Acquired /Users/hassoncs/.ccache/b/8/stats.lock
[2026-02-09T16:29:22.572619 45941] Creating /Users/hassoncs/.ccache/b/8/stats.alive
[2026-02-09T16:29:22.574679 45941] Releasing /Users/hassoncs/.ccache/b/8/stats.lock
[2026-02-09T16:29:22.574779 45941] Released /Users/hassoncs/.ccache/b/8/stats.lock
[2026-02-09T16:29:22.574792 45941] Acquiring /Users/hassoncs/.ccache/b/9/stats.lock
[2026-02-09T16:29:22.574872 45941] Acquired /Users/hassoncs/.ccache/b/9/stats.lock
[2026-02-09T16:29:22.574881 45941] Creating /Users/hassoncs/.ccache/b/9/stats.alive
[2026-02-09T16:29:22.575474 45941] Releasing /Users/hassoncs/.ccache/b/9/stats.lock
[2026-02-09T16:29:22.575560 45941] Released /Users/hassoncs/.ccache/b/9/stats.lock
[2026-02-09T16:29:22.575570 45941] Acquiring /Users/hassoncs/.ccache/b/a/stats.lock
[2026-02-09T16:29:22.575648 45941] Acquired /Users/hassoncs/.ccache/b/a/stats.lock
[2026-02-09T16:29:22.575655 45941] Creating /Users/hassoncs/.ccache/b/a/stats.alive
[2026-02-09T16:29:22.576180 45941] Releasing /Users/hassoncs/.ccache/b/a/stats.lock
[2026-02-09T16:29:22.576256 45941] Released /Users/hassoncs/.ccache/b/a/stats.lock
[2026-02-09T16:29:22.576264 45941] Acquiring /Users/hassoncs/.ccache/b/b/stats.lock
[2026-02-09T16:29:22.576326 45941] Acquired /Users/hassoncs/.ccache/b/b/stats.lock
[2026-02-09T16:29:22.576332 45941] Creating /Users/hassoncs/.ccache/b/b/stats.alive
[2026-02-09T16:29:22.576893 45941] Releasing /Users/hassoncs/.ccache/b/b/stats.lock
[2026-02-09T16:29:22.577090 45941] Released /Users/hassoncs/.ccache/b/b/stats.lock
[2026-02-09T16:29:22.577128 45941] Acquiring /Users/hassoncs/.ccache/b/c/stats.lock
[2026-02-09T16:29:22.577288 45941] Acquired /Users/hassoncs/.ccache/b/c/stats.lock
[2026-02-09T16:29:22.577307 45941] Creating /Users/hassoncs/.ccache/b/c/stats.alive
[2026-02-09T16:29:22.578231 45941] Releasing /Users/hassoncs/.ccache/b/c/stats.lock
[2026-02-09T16:29:22.578352 45941] Released /Users/hassoncs/.ccache/b/c/stats.lock
[2026-02-09T16:29:22.578363 45941] Acquiring /Users/hassoncs/.ccache/b/d/stats.lock
[2026-02-09T16:29:22.578445 45941] Acquired /Users/hassoncs/.ccache/b/d/stats.lock
[2026-02-09T16:29:22.578452 45941] Creating /Users/hassoncs/.ccache/b/d/stats.alive
[2026-02-09T16:29:22.579368 45941] Releasing /Users/hassoncs/.ccache/b/d/stats.lock
[2026-02-09T16:29:22.579445 45941] Released /Users/hassoncs/.ccache/b/d/stats.lock
[2026-02-09T16:29:22.579454 45941] Acquiring /Users/hassoncs/.ccache/b/e/stats.lock
[2026-02-09T16:29:22.579518 45941] Acquired /Users/hassoncs/.ccache/b/e/stats.lock
[2026-02-09T16:29:22.579524 45941] Creating /Users/hassoncs/.ccache/b/e/stats.alive
[2026-02-09T16:29:22.580028 45941] Releasing /Users/hassoncs/.ccache/b/e/stats.lock
[2026-02-09T16:29:22.580115 45941] Released /Users/hassoncs/.ccache/b/e/stats.lock
[2026-02-09T16:29:22.580124 45941] Acquiring /Users/hassoncs/.ccache/b/f/stats.lock
[2026-02-09T16:29:22.580195 45941] Acquired /Users/hassoncs/.ccache/b/f/stats.lock
[2026-02-09T16:29:22.580202 45941] Creating /Users/hassoncs/.ccache/b/f/stats.alive
[2026-02-09T16:29:22.581013 45941] Releasing /Users/hassoncs/.ccache/b/f/stats.lock
[2026-02-09T16:29:22.581119 45941] Released /Users/hassoncs/.ccache/b/f/stats.lock
[2026-02-09T16:29:22.581133 45941] Acquiring /Users/hassoncs/.ccache/c/stats.lock
[2026-02-09T16:29:22.581217 45941] Acquired /Users/hassoncs/.ccache/c/stats.lock
[2026-02-09T16:29:22.581226 45941] Creating /Users/hassoncs/.ccache/c/stats.alive
[2026-02-09T16:29:22.581612 45941] Releasing /Users/hassoncs/.ccache/c/stats.lock
[2026-02-09T16:29:22.581702 45941] Released /Users/hassoncs/.ccache/c/stats.lock
[2026-02-09T16:29:22.581710 45941] Acquiring /Users/hassoncs/.ccache/c/0/stats.lock
[2026-02-09T16:29:22.581774 45941] Acquired /Users/hassoncs/.ccache/c/0/stats.lock
[2026-02-09T16:29:22.581781 45941] Creating /Users/hassoncs/.ccache/c/0/stats.alive
[2026-02-09T16:29:22.582395 45941] Releasing /Users/hassoncs/.ccache/c/0/stats.lock
[2026-02-09T16:29:22.582484 45941] Released /Users/hassoncs/.ccache/c/0/stats.lock
[2026-02-09T16:29:22.582494 45941] Acquiring /Users/hassoncs/.ccache/c/1/stats.lock
[2026-02-09T16:29:22.582983 45941] Acquired /Users/hassoncs/.ccache/c/1/stats.lock
[2026-02-09T16:29:22.583021 45941] Creating /Users/hassoncs/.ccache/c/1/stats.alive
[2026-02-09T16:29:22.583677 45941] Releasing /Users/hassoncs/.ccache/c/1/stats.lock
[2026-02-09T16:29:22.583748 45941] Released /Users/hassoncs/.ccache/c/1/stats.lock
[2026-02-09T16:29:22.583757 45941] Acquiring /Users/hassoncs/.ccache/c/2/stats.lock
[2026-02-09T16:29:22.583818 45941] Acquired /Users/hassoncs/.ccache/c/2/stats.lock
[2026-02-09T16:29:22.583825 45941] Creating /Users/hassoncs/.ccache/c/2/stats.alive
[2026-02-09T16:29:22.584509 45941] Releasing /Users/hassoncs/.ccache/c/2/stats.lock
[2026-02-09T16:29:22.584603 45941] Released /Users/hassoncs/.ccache/c/2/stats.lock
[2026-02-09T16:29:22.584613 45941] Acquiring /Users/hassoncs/.ccache/c/3/stats.lock
[2026-02-09T16:29:22.584689 45941] Acquired /Users/hassoncs/.ccache/c/3/stats.lock
[2026-02-09T16:29:22.584698 45941] Creating /Users/hassoncs/.ccache/c/3/stats.alive
[2026-02-09T16:29:22.585375 45941] Releasing /Users/hassoncs/.ccache/c/3/stats.lock
[2026-02-09T16:29:22.585541 45941] Released /Users/hassoncs/.ccache/c/3/stats.lock
[2026-02-09T16:29:22.585560 45941] Acquiring /Users/hassoncs/.ccache/c/4/stats.lock
[2026-02-09T16:29:22.585674 45941] Acquired /Users/hassoncs/.ccache/c/4/stats.lock
[2026-02-09T16:29:22.585690 45941] Creating /Users/hassoncs/.ccache/c/4/stats.alive
[2026-02-09T16:29:22.586865 45941] Releasing /Users/hassoncs/.ccache/c/4/stats.lock
[2026-02-09T16:29:22.586968 45941] Released /Users/hassoncs/.ccache/c/4/stats.lock
[2026-02-09T16:29:22.586980 45941] Acquiring /Users/hassoncs/.ccache/c/5/stats.lock
[2026-02-09T16:29:22.587129 45941] Acquired /Users/hassoncs/.ccache/c/5/stats.lock
[2026-02-09T16:29:22.587144 45941] Creating /Users/hassoncs/.ccache/c/5/stats.alive
[2026-02-09T16:29:22.588109 45941] Releasing /Users/hassoncs/.ccache/c/5/stats.lock
[2026-02-09T16:29:22.588212 45941] Released /Users/hassoncs/.ccache/c/5/stats.lock
[2026-02-09T16:29:22.588223 45941] Acquiring /Users/hassoncs/.ccache/c/6/stats.lock
[2026-02-09T16:29:22.588301 45941] Acquired /Users/hassoncs/.ccache/c/6/stats.lock
[2026-02-09T16:29:22.588309 45941] Creating /Users/hassoncs/.ccache/c/6/stats.alive
[2026-02-09T16:29:22.589001 45941] Releasing /Users/hassoncs/.ccache/c/6/stats.lock
[2026-02-09T16:29:22.589190 45941] Released /Users/hassoncs/.ccache/c/6/stats.lock
[2026-02-09T16:29:22.589219 45941] Acquiring /Users/hassoncs/.ccache/c/7/stats.lock
[2026-02-09T16:29:22.589350 45941] Acquired /Users/hassoncs/.ccache/c/7/stats.lock
[2026-02-09T16:29:22.589372 45941] Creating /Users/hassoncs/.ccache/c/7/stats.alive
[2026-02-09T16:29:22.590057 45941] Releasing /Users/hassoncs/.ccache/c/7/stats.lock
[2026-02-09T16:29:22.590149 45941] Released /Users/hassoncs/.ccache/c/7/stats.lock
[2026-02-09T16:29:22.590158 45941] Acquiring /Users/hassoncs/.ccache/c/8/stats.lock
[2026-02-09T16:29:22.590219 45941] Acquired /Users/hassoncs/.ccache/c/8/stats.lock
[2026-02-09T16:29:22.590226 45941] Creating /Users/hassoncs/.ccache/c/8/stats.alive
[2026-02-09T16:29:22.590722 45941] Releasing /Users/hassoncs/.ccache/c/8/stats.lock
[2026-02-09T16:29:22.590794 45941] Released /Users/hassoncs/.ccache/c/8/stats.lock
[2026-02-09T16:29:22.590802 45941] Acquiring /Users/hassoncs/.ccache/c/9/stats.lock
[2026-02-09T16:29:22.590868 45941] Acquired /Users/hassoncs/.ccache/c/9/stats.lock
[2026-02-09T16:29:22.590875 45941] Creating /Users/hassoncs/.ccache/c/9/stats.alive
[2026-02-09T16:29:22.591631 45941] Releasing /Users/hassoncs/.ccache/c/9/stats.lock
[2026-02-09T16:29:22.591698 45941] Released /Users/hassoncs/.ccache/c/9/stats.lock
[2026-02-09T16:29:22.591706 45941] Acquiring /Users/hassoncs/.ccache/c/a/stats.lock
[2026-02-09T16:29:22.591819 45941] Acquired /Users/hassoncs/.ccache/c/a/stats.lock
[2026-02-09T16:29:22.591837 45941] Creating /Users/hassoncs/.ccache/c/a/stats.alive
[2026-02-09T16:29:22.592414 45941] Releasing /Users/hassoncs/.ccache/c/a/stats.lock
[2026-02-09T16:29:22.592515 45941] Released /Users/hassoncs/.ccache/c/a/stats.lock
[2026-02-09T16:29:22.592525 45941] Acquiring /Users/hassoncs/.ccache/c/b/stats.lock
[2026-02-09T16:29:22.592606 45941] Acquired /Users/hassoncs/.ccache/c/b/stats.lock
[2026-02-09T16:29:22.592614 45941] Creating /Users/hassoncs/.ccache/c/b/stats.alive
[2026-02-09T16:29:22.593271 45941] Releasing /Users/hassoncs/.ccache/c/b/stats.lock
[2026-02-09T16:29:22.593355 45941] Released /Users/hassoncs/.ccache/c/b/stats.lock
[2026-02-09T16:29:22.593363 45941] Acquiring /Users/hassoncs/.ccache/c/c/stats.lock
[2026-02-09T16:29:22.593430 45941] Acquired /Users/hassoncs/.ccache/c/c/stats.lock
[2026-02-09T16:29:22.593468 45941] Creating /Users/hassoncs/.ccache/c/c/stats.alive
[2026-02-09T16:29:22.594514 45941] Releasing /Users/hassoncs/.ccache/c/c/stats.lock
[2026-02-09T16:29:22.594749 45941] Released /Users/hassoncs/.ccache/c/c/stats.lock
[2026-02-09T16:29:22.594811 45941] Acquiring /Users/hassoncs/.ccache/c/d/stats.lock
[2026-02-09T16:29:22.594916 45941] Acquired /Users/hassoncs/.ccache/c/d/stats.lock
[2026-02-09T16:29:22.594924 45941] Creating /Users/hassoncs/.ccache/c/d/stats.alive
[2026-02-09T16:29:22.595575 45941] Releasing /Users/hassoncs/.ccache/c/d/stats.lock
[2026-02-09T16:29:22.595675 45941] Released /Users/hassoncs/.ccache/c/d/stats.lock
[2026-02-09T16:29:22.595686 45941] Acquiring /Users/hassoncs/.ccache/c/e/stats.lock
[2026-02-09T16:29:22.595770 45941] Acquired /Users/hassoncs/.ccache/c/e/stats.lock
[2026-02-09T16:29:22.595778 45941] Creating /Users/hassoncs/.ccache/c/e/stats.alive
[2026-02-09T16:29:22.596460 45941] Releasing /Users/hassoncs/.ccache/c/e/stats.lock
[2026-02-09T16:29:22.596559 45941] Released /Users/hassoncs/.ccache/c/e/stats.lock
[2026-02-09T16:29:22.596569 45941] Acquiring /Users/hassoncs/.ccache/c/f/stats.lock
[2026-02-09T16:29:22.596710 45941] Acquired /Users/hassoncs/.ccache/c/f/stats.lock
[2026-02-09T16:29:22.596731 45941] Creating /Users/hassoncs/.ccache/c/f/stats.alive
[2026-02-09T16:29:22.597405 45941] Releasing /Users/hassoncs/.ccache/c/f/stats.lock
[2026-02-09T16:29:22.597512 45941] Released /Users/hassoncs/.ccache/c/f/stats.lock
[2026-02-09T16:29:22.597523 45941] Acquiring /Users/hassoncs/.ccache/d/stats.lock
[2026-02-09T16:29:22.597606 45941] Acquired /Users/hassoncs/.ccache/d/stats.lock
[2026-02-09T16:29:22.597614 45941] Creating /Users/hassoncs/.ccache/d/stats.alive
[2026-02-09T16:29:22.598003 45941] Releasing /Users/hassoncs/.ccache/d/stats.lock
[2026-02-09T16:29:22.598105 45941] Released /Users/hassoncs/.ccache/d/stats.lock
[2026-02-09T16:29:22.598117 45941] Acquiring /Users/hassoncs/.ccache/d/0/stats.lock
[2026-02-09T16:29:22.598487 45941] Acquired /Users/hassoncs/.ccache/d/0/stats.lock
[2026-02-09T16:29:22.598519 45941] Creating /Users/hassoncs/.ccache/d/0/stats.alive
[2026-02-09T16:29:22.599258 45941] Releasing /Users/hassoncs/.ccache/d/0/stats.lock
[2026-02-09T16:29:22.599435 45941] Released /Users/hassoncs/.ccache/d/0/stats.lock
[2026-02-09T16:29:22.599452 45941] Acquiring /Users/hassoncs/.ccache/d/1/stats.lock
[2026-02-09T16:29:22.599547 45941] Acquired /Users/hassoncs/.ccache/d/1/stats.lock
[2026-02-09T16:29:22.599555 45941] Creating /Users/hassoncs/.ccache/d/1/stats.alive
[2026-02-09T16:29:22.600258 45941] Releasing /Users/hassoncs/.ccache/d/1/stats.lock
[2026-02-09T16:29:22.600366 45941] Released /Users/hassoncs/.ccache/d/1/stats.lock
[2026-02-09T16:29:22.600378 45941] Acquiring /Users/hassoncs/.ccache/d/2/stats.lock
[2026-02-09T16:29:22.600475 45941] Acquired /Users/hassoncs/.ccache/d/2/stats.lock
[2026-02-09T16:29:22.600484 45941] Creating /Users/hassoncs/.ccache/d/2/stats.alive
[2026-02-09T16:29:22.601215 45941] Releasing /Users/hassoncs/.ccache/d/2/stats.lock
[2026-02-09T16:29:22.601309 45941] Released /Users/hassoncs/.ccache/d/2/stats.lock
[2026-02-09T16:29:22.601321 45941] Acquiring /Users/hassoncs/.ccache/d/3/stats.lock
[2026-02-09T16:29:22.601413 45941] Acquired /Users/hassoncs/.ccache/d/3/stats.lock
[2026-02-09T16:29:22.601421 45941] Creating /Users/hassoncs/.ccache/d/3/stats.alive
[2026-02-09T16:29:22.602501 45941] Releasing /Users/hassoncs/.ccache/d/3/stats.lock
[2026-02-09T16:29:22.602696 45941] Released /Users/hassoncs/.ccache/d/3/stats.lock
[2026-02-09T16:29:22.602724 45941] Acquiring /Users/hassoncs/.ccache/d/4/stats.lock
[2026-02-09T16:29:22.602876 45941] Acquired /Users/hassoncs/.ccache/d/4/stats.lock
[2026-02-09T16:29:22.602982 45941] Creating /Users/hassoncs/.ccache/d/4/stats.alive
[2026-02-09T16:29:22.603849 45941] Releasing /Users/hassoncs/.ccache/d/4/stats.lock
[2026-02-09T16:29:22.603964 45941] Released /Users/hassoncs/.ccache/d/4/stats.lock
[2026-02-09T16:29:22.603977 45941] Acquiring /Users/hassoncs/.ccache/d/5/stats.lock
[2026-02-09T16:29:22.604066 45941] Acquired /Users/hassoncs/.ccache/d/5/stats.lock
[2026-02-09T16:29:22.604073 45941] Creating /Users/hassoncs/.ccache/d/5/stats.alive
[2026-02-09T16:29:22.604739 45941] Releasing /Users/hassoncs/.ccache/d/5/stats.lock
[2026-02-09T16:29:22.604873 45941] Released /Users/hassoncs/.ccache/d/5/stats.lock
[2026-02-09T16:29:22.604886 45941] Acquiring /Users/hassoncs/.ccache/d/6/stats.lock
[2026-02-09T16:29:22.604978 45941] Acquired /Users/hassoncs/.ccache/d/6/stats.lock
[2026-02-09T16:29:22.604988 45941] Creating /Users/hassoncs/.ccache/d/6/stats.alive
[2026-02-09T16:29:22.605861 45941] Releasing /Users/hassoncs/.ccache/d/6/stats.lock
[2026-02-09T16:29:22.606034 45941] Released /Users/hassoncs/.ccache/d/6/stats.lock
[2026-02-09T16:29:22.606055 45941] Acquiring /Users/hassoncs/.ccache/d/7/stats.lock
[2026-02-09T16:29:22.606180 45941] Acquired /Users/hassoncs/.ccache/d/7/stats.lock
[2026-02-09T16:29:22.606198 45941] Creating /Users/hassoncs/.ccache/d/7/stats.alive
[2026-02-09T16:29:22.607013 45941] Releasing /Users/hassoncs/.ccache/d/7/stats.lock
[2026-02-09T16:29:22.607190 45941] Released /Users/hassoncs/.ccache/d/7/stats.lock
[2026-02-09T16:29:22.607325 45941] Acquiring /Users/hassoncs/.ccache/d/8/stats.lock
[2026-02-09T16:29:22.607508 45941] Acquired /Users/hassoncs/.ccache/d/8/stats.lock
[2026-02-09T16:29:22.607526 45941] Creating /Users/hassoncs/.ccache/d/8/stats.alive
[2026-02-09T16:29:22.608341 45941] Releasing /Users/hassoncs/.ccache/d/8/stats.lock
[2026-02-09T16:29:22.608466 45941] Released /Users/hassoncs/.ccache/d/8/stats.lock
[2026-02-09T16:29:22.608478 45941] Acquiring /Users/hassoncs/.ccache/d/9/stats.lock
[2026-02-09T16:29:22.608565 45941] Acquired /Users/hassoncs/.ccache/d/9/stats.lock
[2026-02-09T16:29:22.608572 45941] Creating /Users/hassoncs/.ccache/d/9/stats.alive
[2026-02-09T16:29:22.609116 45941] Releasing /Users/hassoncs/.ccache/d/9/stats.lock
[2026-02-09T16:29:22.609209 45941] Released /Users/hassoncs/.ccache/d/9/stats.lock
[2026-02-09T16:29:22.609219 45941] Acquiring /Users/hassoncs/.ccache/d/a/stats.lock
[2026-02-09T16:29:22.609297 45941] Acquired /Users/hassoncs/.ccache/d/a/stats.lock
[2026-02-09T16:29:22.609305 45941] Creating /Users/hassoncs/.ccache/d/a/stats.alive
[2026-02-09T16:29:22.609922 45941] Releasing /Users/hassoncs/.ccache/d/a/stats.lock
[2026-02-09T16:29:22.610039 45941] Released /Users/hassoncs/.ccache/d/a/stats.lock
[2026-02-09T16:29:22.610051 45941] Acquiring /Users/hassoncs/.ccache/d/b/stats.lock
[2026-02-09T16:29:22.610179 45941] Acquired /Users/hassoncs/.ccache/d/b/stats.lock
[2026-02-09T16:29:22.610189 45941] Creating /Users/hassoncs/.ccache/d/b/stats.alive
[2026-02-09T16:29:22.611506 45941] Releasing /Users/hassoncs/.ccache/d/b/stats.lock
[2026-02-09T16:29:22.611854 45941] Released /Users/hassoncs/.ccache/d/b/stats.lock
[2026-02-09T16:29:22.611892 45941] Acquiring /Users/hassoncs/.ccache/d/c/stats.lock
[2026-02-09T16:29:22.612021 45941] Acquired /Users/hassoncs/.ccache/d/c/stats.lock
[2026-02-09T16:29:22.612033 45941] Creating /Users/hassoncs/.ccache/d/c/stats.alive
[2026-02-09T16:29:22.613135 45941] Releasing /Users/hassoncs/.ccache/d/c/stats.lock
[2026-02-09T16:29:22.613249 45941] Released /Users/hassoncs/.ccache/d/c/stats.lock
[2026-02-09T16:29:22.613262 45941] Acquiring /Users/hassoncs/.ccache/d/d/stats.lock
[2026-02-09T16:29:22.613341 45941] Acquired /Users/hassoncs/.ccache/d/d/stats.lock
[2026-02-09T16:29:22.613350 45941] Creating /Users/hassoncs/.ccache/d/d/stats.alive
[2026-02-09T16:29:22.613991 45941] Releasing /Users/hassoncs/.ccache/d/d/stats.lock
[2026-02-09T16:29:22.614096 45941] Released /Users/hassoncs/.ccache/d/d/stats.lock
[2026-02-09T16:29:22.614109 45941] Acquiring /Users/hassoncs/.ccache/d/e/stats.lock
[2026-02-09T16:29:22.614200 45941] Acquired /Users/hassoncs/.ccache/d/e/stats.lock
[2026-02-09T16:29:22.614209 45941] Creating /Users/hassoncs/.ccache/d/e/stats.alive
[2026-02-09T16:29:22.614859 45941] Releasing /Users/hassoncs/.ccache/d/e/stats.lock
[2026-02-09T16:29:22.615102 45941] Released /Users/hassoncs/.ccache/d/e/stats.lock
[2026-02-09T16:29:22.615137 45941] Acquiring /Users/hassoncs/.ccache/d/f/stats.lock
[2026-02-09T16:29:22.615256 45941] Acquired /Users/hassoncs/.ccache/d/f/stats.lock
[2026-02-09T16:29:22.615268 45941] Creating /Users/hassoncs/.ccache/d/f/stats.alive
[2026-02-09T16:29:22.616005 45941] Releasing /Users/hassoncs/.ccache/d/f/stats.lock
[2026-02-09T16:29:22.616125 45941] Released /Users/hassoncs/.ccache/d/f/stats.lock
[2026-02-09T16:29:22.616135 45941] Acquiring /Users/hassoncs/.ccache/e/stats.lock
[2026-02-09T16:29:22.617581 45941] Acquired /Users/hassoncs/.ccache/e/stats.lock
[2026-02-09T16:29:22.617600 45941] Creating /Users/hassoncs/.ccache/e/stats.alive
[2026-02-09T16:29:22.618000 45941] Releasing /Users/hassoncs/.ccache/e/stats.lock
[2026-02-09T16:29:22.618075 45941] Released /Users/hassoncs/.ccache/e/stats.lock
[2026-02-09T16:29:22.618084 45941] Acquiring /Users/hassoncs/.ccache/e/0/stats.lock
[2026-02-09T16:29:22.618151 45941] Acquired /Users/hassoncs/.ccache/e/0/stats.lock
[2026-02-09T16:29:22.618158 45941] Creating /Users/hassoncs/.ccache/e/0/stats.alive
[2026-02-09T16:29:22.619308 45941] Releasing /Users/hassoncs/.ccache/e/0/stats.lock
[2026-02-09T16:29:22.619412 45941] Released /Users/hassoncs/.ccache/e/0/stats.lock
[2026-02-09T16:29:22.619425 45941] Acquiring /Users/hassoncs/.ccache/e/1/stats.lock
[2026-02-09T16:29:22.619519 45941] Acquired /Users/hassoncs/.ccache/e/1/stats.lock
[2026-02-09T16:29:22.619528 45941] Creating /Users/hassoncs/.ccache/e/1/stats.alive
[2026-02-09T16:29:22.620515 45941] Releasing /Users/hassoncs/.ccache/e/1/stats.lock
[2026-02-09T16:29:22.620631 45941] Released /Users/hassoncs/.ccache/e/1/stats.lock
[2026-02-09T16:29:22.620644 45941] Acquiring /Users/hassoncs/.ccache/e/2/stats.lock
[2026-02-09T16:29:22.620732 45941] Acquired /Users/hassoncs/.ccache/e/2/stats.lock
[2026-02-09T16:29:22.620741 45941] Creating /Users/hassoncs/.ccache/e/2/stats.alive
[2026-02-09T16:29:22.621296 45941] Releasing /Users/hassoncs/.ccache/e/2/stats.lock
[2026-02-09T16:29:22.621372 45941] Released /Users/hassoncs/.ccache/e/2/stats.lock
[2026-02-09T16:29:22.621381 45941] Acquiring /Users/hassoncs/.ccache/e/3/stats.lock
[2026-02-09T16:29:22.621458 45941] Acquired /Users/hassoncs/.ccache/e/3/stats.lock
[2026-02-09T16:29:22.621465 45941] Creating /Users/hassoncs/.ccache/e/3/stats.alive
[2026-02-09T16:29:22.622656 45941] Releasing /Users/hassoncs/.ccache/e/3/stats.lock
[2026-02-09T16:29:22.622773 45941] Released /Users/hassoncs/.ccache/e/3/stats.lock
[2026-02-09T16:29:22.622785 45941] Acquiring /Users/hassoncs/.ccache/e/4/stats.lock
[2026-02-09T16:29:22.622856 45941] Acquired /Users/hassoncs/.ccache/e/4/stats.lock
[2026-02-09T16:29:22.622863 45941] Creating /Users/hassoncs/.ccache/e/4/stats.alive
[2026-02-09T16:29:22.623254 45941] Releasing /Users/hassoncs/.ccache/e/4/stats.lock
[2026-02-09T16:29:22.623333 45941] Released /Users/hassoncs/.ccache/e/4/stats.lock
[2026-02-09T16:29:22.623341 45941] Acquiring /Users/hassoncs/.ccache/e/5/stats.lock
[2026-02-09T16:29:22.623405 45941] Acquired /Users/hassoncs/.ccache/e/5/stats.lock
[2026-02-09T16:29:22.623411 45941] Creating /Users/hassoncs/.ccache/e/5/stats.alive
[2026-02-09T16:29:22.624016 45941] Releasing /Users/hassoncs/.ccache/e/5/stats.lock
[2026-02-09T16:29:22.624115 45941] Released /Users/hassoncs/.ccache/e/5/stats.lock
[2026-02-09T16:29:22.624123 45941] Acquiring /Users/hassoncs/.ccache/e/6/stats.lock
[2026-02-09T16:29:22.624238 45941] Acquired /Users/hassoncs/.ccache/e/6/stats.lock
[2026-02-09T16:29:22.624254 45941] Creating /Users/hassoncs/.ccache/e/6/stats.alive
[2026-02-09T16:29:22.625713 45941] Releasing /Users/hassoncs/.ccache/e/6/stats.lock
[2026-02-09T16:29:22.625938 45941] Released /Users/hassoncs/.ccache/e/6/stats.lock
[2026-02-09T16:29:22.625954 45941] Acquiring /Users/hassoncs/.ccache/e/7/stats.lock
[2026-02-09T16:29:22.626037 45941] Acquired /Users/hassoncs/.ccache/e/7/stats.lock
[2026-02-09T16:29:22.626047 45941] Creating /Users/hassoncs/.ccache/e/7/stats.alive
[2026-02-09T16:29:22.626609 45941] Releasing /Users/hassoncs/.ccache/e/7/stats.lock
[2026-02-09T16:29:22.626731 45941] Released /Users/hassoncs/.ccache/e/7/stats.lock
[2026-02-09T16:29:22.626741 45941] Acquiring /Users/hassoncs/.ccache/e/8/stats.lock
[2026-02-09T16:29:22.626871 45941] Acquired /Users/hassoncs/.ccache/e/8/stats.lock
[2026-02-09T16:29:22.626884 45941] Creating /Users/hassoncs/.ccache/e/8/stats.alive
[2026-02-09T16:29:22.627669 45941] Releasing /Users/hassoncs/.ccache/e/8/stats.lock
[2026-02-09T16:29:22.627779 45941] Released /Users/hassoncs/.ccache/e/8/stats.lock
[2026-02-09T16:29:22.627793 45941] Acquiring /Users/hassoncs/.ccache/e/9/stats.lock
[2026-02-09T16:29:22.627873 45941] Acquired /Users/hassoncs/.ccache/e/9/stats.lock
[2026-02-09T16:29:22.627882 45941] Creating /Users/hassoncs/.ccache/e/9/stats.alive
[2026-02-09T16:29:22.629114 45941] Releasing /Users/hassoncs/.ccache/e/9/stats.lock
[2026-02-09T16:29:22.629249 45941] Released /Users/hassoncs/.ccache/e/9/stats.lock
[2026-02-09T16:29:22.629263 45941] Acquiring /Users/hassoncs/.ccache/e/a/stats.lock
[2026-02-09T16:29:22.629348 45941] Acquired /Users/hassoncs/.ccache/e/a/stats.lock
[2026-02-09T16:29:22.629357 45941] Creating /Users/hassoncs/.ccache/e/a/stats.alive
[2026-02-09T16:29:22.630227 45941] Releasing /Users/hassoncs/.ccache/e/a/stats.lock
[2026-02-09T16:29:22.630473 45941] Released /Users/hassoncs/.ccache/e/a/stats.lock
[2026-02-09T16:29:22.630485 45941] Acquiring /Users/hassoncs/.ccache/e/b/stats.lock
[2026-02-09T16:29:22.630585 45941] Acquired /Users/hassoncs/.ccache/e/b/stats.lock
[2026-02-09T16:29:22.630594 45941] Creating /Users/hassoncs/.ccache/e/b/stats.alive
[2026-02-09T16:29:22.631338 45941] Releasing /Users/hassoncs/.ccache/e/b/stats.lock
[2026-02-09T16:29:22.631447 45941] Released /Users/hassoncs/.ccache/e/b/stats.lock
[2026-02-09T16:29:22.631459 45941] Acquiring /Users/hassoncs/.ccache/e/c/stats.lock
[2026-02-09T16:29:22.631562 45941] Acquired /Users/hassoncs/.ccache/e/c/stats.lock
[2026-02-09T16:29:22.631571 45941] Creating /Users/hassoncs/.ccache/e/c/stats.alive
[2026-02-09T16:29:22.632053 45941] Releasing /Users/hassoncs/.ccache/e/c/stats.lock
[2026-02-09T16:29:22.632144 45941] Released /Users/hassoncs/.ccache/e/c/stats.lock
[2026-02-09T16:29:22.632203 45941] Acquiring /Users/hassoncs/.ccache/e/d/stats.lock
[2026-02-09T16:29:22.632369 45941] Acquired /Users/hassoncs/.ccache/e/d/stats.lock
[2026-02-09T16:29:22.632384 45941] Creating /Users/hassoncs/.ccache/e/d/stats.alive
[2026-02-09T16:29:22.633314 45941] Releasing /Users/hassoncs/.ccache/e/d/stats.lock
[2026-02-09T16:29:22.633414 45941] Released /Users/hassoncs/.ccache/e/d/stats.lock
[2026-02-09T16:29:22.633426 45941] Acquiring /Users/hassoncs/.ccache/e/e/stats.lock
[2026-02-09T16:29:22.633511 45941] Acquired /Users/hassoncs/.ccache/e/e/stats.lock
[2026-02-09T16:29:22.633520 45941] Creating /Users/hassoncs/.ccache/e/e/stats.alive
[2026-02-09T16:29:22.634177 45941] Releasing /Users/hassoncs/.ccache/e/e/stats.lock
[2026-02-09T16:29:22.634273 45941] Released /Users/hassoncs/.ccache/e/e/stats.lock
[2026-02-09T16:29:22.634285 45941] Acquiring /Users/hassoncs/.ccache/e/f/stats.lock
[2026-02-09T16:29:22.634379 45941] Acquired /Users/hassoncs/.ccache/e/f/stats.lock
[2026-02-09T16:29:22.634387 45941] Creating /Users/hassoncs/.ccache/e/f/stats.alive
[2026-02-09T16:29:22.634941 45941] Releasing /Users/hassoncs/.ccache/e/f/stats.lock
[2026-02-09T16:29:22.635027 45941] Released /Users/hassoncs/.ccache/e/f/stats.lock
[2026-02-09T16:29:22.635036 45941] Acquiring /Users/hassoncs/.ccache/f/stats.lock
[2026-02-09T16:29:22.635107 45941] Acquired /Users/hassoncs/.ccache/f/stats.lock
[2026-02-09T16:29:22.635118 45941] Creating /Users/hassoncs/.ccache/f/stats.alive
[2026-02-09T16:29:22.636056 45941] Releasing /Users/hassoncs/.ccache/f/stats.lock
[2026-02-09T16:29:22.636178 45941] Released /Users/hassoncs/.ccache/f/stats.lock
[2026-02-09T16:29:22.636193 45941] Acquiring /Users/hassoncs/.ccache/f/0/stats.lock
[2026-02-09T16:29:22.636290 45941] Acquired /Users/hassoncs/.ccache/f/0/stats.lock
[2026-02-09T16:29:22.636299 45941] Creating /Users/hassoncs/.ccache/f/0/stats.alive
[2026-02-09T16:29:22.637444 45941] Releasing /Users/hassoncs/.ccache/f/0/stats.lock
[2026-02-09T16:29:22.637558 45941] Released /Users/hassoncs/.ccache/f/0/stats.lock
[2026-02-09T16:29:22.637572 45941] Acquiring /Users/hassoncs/.ccache/f/1/stats.lock
[2026-02-09T16:29:22.637666 45941] Acquired /Users/hassoncs/.ccache/f/1/stats.lock
[2026-02-09T16:29:22.637675 45941] Creating /Users/hassoncs/.ccache/f/1/stats.alive
[2026-02-09T16:29:22.638223 45941] Releasing /Users/hassoncs/.ccache/f/1/stats.lock
[2026-02-09T16:29:22.638296 45941] Released /Users/hassoncs/.ccache/f/1/stats.lock
[2026-02-09T16:29:22.638304 45941] Acquiring /Users/hassoncs/.ccache/f/2/stats.lock
[2026-02-09T16:29:22.638374 45941] Acquired /Users/hassoncs/.ccache/f/2/stats.lock
[2026-02-09T16:29:22.638380 45941] Creating /Users/hassoncs/.ccache/f/2/stats.alive
[2026-02-09T16:29:22.638911 45941] Releasing /Users/hassoncs/.ccache/f/2/stats.lock
[2026-02-09T16:29:22.638985 45941] Released /Users/hassoncs/.ccache/f/2/stats.lock
[2026-02-09T16:29:22.638993 45941] Acquiring /Users/hassoncs/.ccache/f/3/stats.lock
[2026-02-09T16:29:22.639054 45941] Acquired /Users/hassoncs/.ccache/f/3/stats.lock
[2026-02-09T16:29:22.639060 45941] Creating /Users/hassoncs/.ccache/f/3/stats.alive
[2026-02-09T16:29:22.639526 45941] Releasing /Users/hassoncs/.ccache/f/3/stats.lock
[2026-02-09T16:29:22.639608 45941] Released /Users/hassoncs/.ccache/f/3/stats.lock
[2026-02-09T16:29:22.639616 45941] Acquiring /Users/hassoncs/.ccache/f/4/stats.lock
[2026-02-09T16:29:22.639676 45941] Acquired /Users/hassoncs/.ccache/f/4/stats.lock
[2026-02-09T16:29:22.639682 45941] Creating /Users/hassoncs/.ccache/f/4/stats.alive
[2026-02-09T16:29:22.640442 45941] Releasing /Users/hassoncs/.ccache/f/4/stats.lock
[2026-02-09T16:29:22.640548 45941] Released /Users/hassoncs/.ccache/f/4/stats.lock
[2026-02-09T16:29:22.640559 45941] Acquiring /Users/hassoncs/.ccache/f/5/stats.lock
[2026-02-09T16:29:22.640628 45941] Acquired /Users/hassoncs/.ccache/f/5/stats.lock
[2026-02-09T16:29:22.640635 45941] Creating /Users/hassoncs/.ccache/f/5/stats.alive
[2026-02-09T16:29:22.641135 45941] Releasing /Users/hassoncs/.ccache/f/5/stats.lock
[2026-02-09T16:29:22.641206 45941] Released /Users/hassoncs/.ccache/f/5/stats.lock
[2026-02-09T16:29:22.641214 45941] Acquiring /Users/hassoncs/.ccache/f/6/stats.lock
[2026-02-09T16:29:22.641279 45941] Acquired /Users/hassoncs/.ccache/f/6/stats.lock
[2026-02-09T16:29:22.641286 45941] Creating /Users/hassoncs/.ccache/f/6/stats.alive
[2026-02-09T16:29:22.641760 45941] Releasing /Users/hassoncs/.ccache/f/6/stats.lock
[2026-02-09T16:29:22.641906 45941] Released /Users/hassoncs/.ccache/f/6/stats.lock
[2026-02-09T16:29:22.641923 45941] Acquiring /Users/hassoncs/.ccache/f/7/stats.lock
[2026-02-09T16:29:22.642000 45941] Acquired /Users/hassoncs/.ccache/f/7/stats.lock
[2026-02-09T16:29:22.642009 45941] Creating /Users/hassoncs/.ccache/f/7/stats.alive
[2026-02-09T16:29:22.642718 45941] Releasing /Users/hassoncs/.ccache/f/7/stats.lock
[2026-02-09T16:29:22.643618 45941] Released /Users/hassoncs/.ccache/f/7/stats.lock
[2026-02-09T16:29:22.643660 45941] Acquiring /Users/hassoncs/.ccache/f/8/stats.lock
[2026-02-09T16:29:22.643751 45941] Acquired /Users/hassoncs/.ccache/f/8/stats.lock
[2026-02-09T16:29:22.643759 45941] Creating /Users/hassoncs/.ccache/f/8/stats.alive
[2026-02-09T16:29:22.644474 45941] Releasing /Users/hassoncs/.ccache/f/8/stats.lock
[2026-02-09T16:29:22.644762 45941] Released /Users/hassoncs/.ccache/f/8/stats.lock
[2026-02-09T16:29:22.644802 45941] Acquiring /Users/hassoncs/.ccache/f/9/stats.lock
[2026-02-09T16:29:22.645003 45941] Acquired /Users/hassoncs/.ccache/f/9/stats.lock
[2026-02-09T16:29:22.645016 45941] Creating /Users/hassoncs/.ccache/f/9/stats.alive
[2026-02-09T16:29:22.645654 45941] Releasing /Users/hassoncs/.ccache/f/9/stats.lock
[2026-02-09T16:29:22.645759 45941] Released /Users/hassoncs/.ccache/f/9/stats.lock
[2026-02-09T16:29:22.645768 45941] Acquiring /Users/hassoncs/.ccache/f/a/stats.lock
[2026-02-09T16:29:22.645828 45941] Acquired /Users/hassoncs/.ccache/f/a/stats.lock
[2026-02-09T16:29:22.645835 45941] Creating /Users/hassoncs/.ccache/f/a/stats.alive
[2026-02-09T16:29:22.646283 45941] Releasing /Users/hassoncs/.ccache/f/a/stats.lock
[2026-02-09T16:29:22.646347 45941] Released /Users/hassoncs/.ccache/f/a/stats.lock
[2026-02-09T16:29:22.646354 45941] Acquiring /Users/hassoncs/.ccache/f/b/stats.lock
[2026-02-09T16:29:22.646408 45941] Acquired /Users/hassoncs/.ccache/f/b/stats.lock
[2026-02-09T16:29:22.646414 45941] Creating /Users/hassoncs/.ccache/f/b/stats.alive
[2026-02-09T16:29:22.646914 45941] Releasing /Users/hassoncs/.ccache/f/b/stats.lock
[2026-02-09T16:29:22.646993 45941] Released /Users/hassoncs/.ccache/f/b/stats.lock
[2026-02-09T16:29:22.647003 45941] Acquiring /Users/hassoncs/.ccache/f/c/stats.lock
[2026-02-09T16:29:22.647087 45941] Acquired /Users/hassoncs/.ccache/f/c/stats.lock
[2026-02-09T16:29:22.647095 45941] Creating /Users/hassoncs/.ccache/f/c/stats.alive
[2026-02-09T16:29:22.647596 45941] Releasing /Users/hassoncs/.ccache/f/c/stats.lock
[2026-02-09T16:29:22.647691 45941] Released /Users/hassoncs/.ccache/f/c/stats.lock
[2026-02-09T16:29:22.648113 45941] Acquiring /Users/hassoncs/.ccache/f/d/stats.lock
[2026-02-09T16:29:22.648203 45941] Acquired /Users/hassoncs/.ccache/f/d/stats.lock
[2026-02-09T16:29:22.648211 45941] Creating /Users/hassoncs/.ccache/f/d/stats.alive
[2026-02-09T16:29:22.648751 45941] Releasing /Users/hassoncs/.ccache/f/d/stats.lock
[2026-02-09T16:29:22.648823 45941] Released /Users/hassoncs/.ccache/f/d/stats.lock
[2026-02-09T16:29:22.648831 45941] Acquiring /Users/hassoncs/.ccache/f/e/stats.lock
[2026-02-09T16:29:22.648890 45941] Acquired /Users/hassoncs/.ccache/f/e/stats.lock
[2026-02-09T16:29:22.648896 45941] Creating /Users/hassoncs/.ccache/f/e/stats.alive
[2026-02-09T16:29:22.649791 45941] Releasing /Users/hassoncs/.ccache/f/e/stats.lock
[2026-02-09T16:29:22.649909 45941] Released /Users/hassoncs/.ccache/f/e/stats.lock
[2026-02-09T16:29:22.649919 45941] Acquiring /Users/hassoncs/.ccache/f/f/stats.lock
[2026-02-09T16:29:22.650007 45941] Acquired /Users/hassoncs/.ccache/f/f/stats.lock
[2026-02-09T16:29:22.650016 45941] Creating /Users/hassoncs/.ccache/f/f/stats.alive
[2026-02-09T16:29:22.650908 45941] Releasing /Users/hassoncs/.ccache/f/f/stats.lock
[2026-02-09T16:29:22.651026 45941] Released /Users/hassoncs/.ccache/f/f/stats.lock
